[{"pk": 1, "model": "admin.proyecto", "fields": {"descripcion": "sistema de Gesti\u00f3n para Plus S.A.", "nombre": "Software PLUS S.A.", "estado": "NOI", "fechainicio": "2014-05-01", "fechafin": "2014-06-06"}}, {"pk": 2, "model": "admin.proyecto", "fields": {"descripcion": "Analisis de Requerimientos y dise\u00f1o formal.  ", "nombre": "Consultoria BAGA S.A.", "estado": "INI", "fechainicio": null, "fechafin": null}}, {"pk": 3, "model": "admin.proyecto", "fields": {"descripcion": "sistema mobil para Banco Regional", "nombre": "Regional Mobile", "estado": "NOI", "fechainicio": "2014-06-06", "fechafin": null}}, {"pk": 1, "model": "admin.fase", "fields": {"descripcion": "Relevamiento de datos", "nombre": "Relevamiento de datos", "idproyecto": 1, "estado": "FIN", "fechacreacion": "2014-05-16"}}, {"pk": 3, "model": "admin.fase", "fields": {"descripcion": "Contratacion de personal", "nombre": "Contratacion de personal", "idproyecto": 1, "estado": "FIN", "fechacreacion": "2014-06-06"}}, {"pk": 4, "model": "admin.fase", "fields": {"descripcion": "Construcci\u00f3n del primer modulo", "nombre": "Construcci\u00f3n del primer modulo", "idproyecto": 1, "estado": "DES", "fechacreacion": "2014-06-06"}}, {"pk": 5, "model": "admin.fase", "fields": {"descripcion": "Analisis de Requerimientos ", "nombre": "Analisis de Requerimientos", "idproyecto": 2, "estado": "DES", "fechacreacion": "2014-06-06"}}, {"pk": 6, "model": "admin.fase", "fields": {"descripcion": "Relevamiento de datos", "nombre": "Relevamiento de datos", "idproyecto": 3, "estado": "DES", "fechacreacion": "2014-06-06"}}, {"pk": 7, "model": "admin.fase", "fields": {"descripcion": "implementacion en el lado servidor ", "nombre": "Implementetacion de backend", "idproyecto": 3, "estado": "DES", "fechacreacion": "2014-06-07"}}, {"pk": 8, "model": "admin.fase", "fields": {"descripcion": "Implementacion de lado cliente con estandar html ", "nombre": "Implementacion front-end", "idproyecto": 3, "estado": "DES", "fechacreacion": "2014-06-07"}}, {"pk": 9, "model": "admin.fase", "fields": {"descripcion": "Construccion del segundo m\u00f3dulo ", "nombre": "Construccion del segundo m\u00f3dulo ", "idproyecto": 1, "estado": "DES", "fechacreacion": "2014-06-07"}}, {"pk": 1, "model": "admin.rolfases", "fields": {"rolproyecto": 1, "fase": 1}}, {"pk": 3, "model": "admin.rolfases", "fields": {"rolproyecto": 2, "fase": 3}}, {"pk": 4, "model": "admin.rolfases", "fields": {"rolproyecto": 1, "fase": 3}}, {"pk": 5, "model": "admin.rolfases", "fields": {"rolproyecto": 3, "fase": 4}}, {"pk": 6, "model": "admin.rolfases", "fields": {"rolproyecto": 4, "fase": 3}}, {"pk": 7, "model": "admin.rolfases", "fields": {"rolproyecto": 2, "fase": 4}}, {"pk": 8, "model": "admin.rolfases", "fields": {"rolproyecto": 5, "fase": 5}}, {"pk": 9, "model": "admin.rolfases", "fields": {"rolproyecto": 1, "fase": 4}}, {"pk": 10, "model": "admin.rolfases", "fields": {"rolproyecto": 10, "fase": 6}}, {"pk": 11, "model": "admin.rolfases", "fields": {"rolproyecto": 2, "fase": 9}}, {"pk": 1, "model": "contenttypes.contenttype", "fields": {"model": "logentry", "name": "log entry", "app_label": "admin"}}, {"pk": 2, "model": "contenttypes.contenttype", "fields": {"model": "proyecto", "name": "proyecto", "app_label": "admin"}}, {"pk": 3, "model": "contenttypes.contenttype", "fields": {"model": "fase", "name": "fase", "app_label": "admin"}}, {"pk": 4, "model": "contenttypes.contenttype", "fields": {"model": "rolproyecto", "name": "rol proyecto", "app_label": "admin"}}, {"pk": 5, "model": "contenttypes.contenttype", "fields": {"model": "rolfases", "name": "rol fases", "app_label": "admin"}}, {"pk": 6, "model": "contenttypes.contenttype", "fields": {"model": "permission", "name": "permission", "app_label": "auth"}}, {"pk": 7, "model": "contenttypes.contenttype", "fields": {"model": "group", "name": "group", "app_label": "auth"}}, {"pk": 8, "model": "contenttypes.contenttype", "fields": {"model": "user", "name": "user", "app_label": "auth"}}, {"pk": 9, "model": "contenttypes.contenttype", "fields": {"model": "contenttype", "name": "content type", "app_label": "contenttypes"}}, {"pk": 10, "model": "contenttypes.contenttype", "fields": {"model": "session", "name": "session", "app_label": "sessions"}}, {"pk": 11, "model": "contenttypes.contenttype", "fields": {"model": "itemtipos", "name": "item tipos", "app_label": "desarrollo"}}, {"pk": 12, "model": "contenttypes.contenttype", "fields": {"model": "itematributos", "name": "item atributos", "app_label": "desarrollo"}}, {"pk": 13, "model": "contenttypes.contenttype", "fields": {"model": "item", "name": "item", "app_label": "desarrollo"}}, {"pk": 14, "model": "contenttypes.contenttype", "fields": {"model": "itematributosvalores", "name": "item atributos valores", "app_label": "desarrollo"}}, {"pk": 15, "model": "contenttypes.contenttype", "fields": {"model": "itemrelacion", "name": "item relacion", "app_label": "desarrollo"}}, {"pk": 16, "model": "contenttypes.contenttype", "fields": {"model": "itemadjuntos", "name": "item adjuntos", "app_label": "desarrollo"}}, {"pk": 17, "model": "contenttypes.contenttype", "fields": {"model": "comiteproyecto", "name": "comite proyecto", "app_label": "gestcambio"}}, {"pk": 18, "model": "contenttypes.contenttype", "fields": {"model": "lineabase", "name": "linea base", "app_label": "gestcambio"}}, {"pk": 19, "model": "contenttypes.contenttype", "fields": {"model": "solicitudcambio", "name": "solicitud cambio", "app_label": "gestcambio"}}, {"pk": 20, "model": "contenttypes.contenttype", "fields": {"model": "cambiotipos", "name": "cambio tipos", "app_label": "gestcambio"}}, {"pk": 21, "model": "contenttypes.contenttype", "fields": {"model": "solicitudvoto", "name": "solicitud voto", "app_label": "gestcambio"}}, {"pk": "00a0578fj133gt4gklaz2ie7o087cn0v", "model": "sessions.session", "fields": {"expire_date": "2014-06-21T05:24:58.506Z", "session_data": "ZDQ3ZWU3ODQ3ZjlmMWExZjA2N2NjMmM0ZjQ3ZTE0ZGI5YWIwOTg0Yzp7fQ=="}}, {"pk": "031qungndzcujdtltt92tcejnfv7td33", "model": "sessions.session", "fields": {"expire_date": "2014-05-30T18:47:22.493Z", "session_data": "ZDQ3ZWU3ODQ3ZjlmMWExZjA2N2NjMmM0ZjQ3ZTE0ZGI5YWIwOTg0Yzp7fQ=="}}, {"pk": "0ky9761e8xfdx3ozb4bro4ibn71s18mn", "model": "sessions.session", "fields": {"expire_date": "2014-06-07T12:34:45.148Z", "session_data": "ZDQ3ZWU3ODQ3ZjlmMWExZjA2N2NjMmM0ZjQ3ZTE0ZGI5YWIwOTg0Yzp7fQ=="}}, {"pk": "0tsg1x3x0mmh43x9gir1bqo9b9swjhli", "model": "sessions.session", "fields": {"expire_date": "2014-06-19T04:22:04.358Z", "session_data": "YmE5NWNhNWM2NTJhMWZjNTcxZGYxYjdlYTZlMWE3ODJhYzdhYTY5ZTp7ImlkcHJveWVjdG8iOiIxIiwiaWRmYXNlIjpudWxsLCJfYXV0aF91c2VyX2JhY2tlbmQiOiJkamFuZ28uY29udHJpYi5hdXRoLmJhY2tlbmRzLk1vZGVsQmFja2VuZCIsIl9hdXRoX3VzZXJfaWQiOjF9"}}, {"pk": "1gzq7z5wq65uajpngykj4v47iej72qzc", "model": "sessions.session", "fields": {"expire_date": "2014-06-06T21:26:57.586Z", "session_data": "Y2Q4M2NlMzdkNGY1ODZkYmE5OGZjYjY5MDBlNzQxN2NhMTQ0MTgyMDp7Il9hdXRoX3VzZXJfYmFja2VuZCI6ImRqYW5nby5jb250cmliLmF1dGguYmFja2VuZHMuTW9kZWxCYWNrZW5kIiwiX2F1dGhfdXNlcl9pZCI6MX0="}}, {"pk": "7vj20iatv8x5me070u0zk1y5msfbbooh", "model": "sessions.session", "fields": {"expire_date": "2014-05-30T21:27:01.498Z", "session_data": "YmE5NWNhNWM2NTJhMWZjNTcxZGYxYjdlYTZlMWE3ODJhYzdhYTY5ZTp7ImlkcHJveWVjdG8iOiIxIiwiaWRmYXNlIjpudWxsLCJfYXV0aF91c2VyX2JhY2tlbmQiOiJkamFuZ28uY29udHJpYi5hdXRoLmJhY2tlbmRzLk1vZGVsQmFja2VuZCIsIl9hdXRoX3VzZXJfaWQiOjF9"}}, {"pk": "7xzi4sdijr0w9ta33qtx416mbtdkrzkp", "model": "sessions.session", "fields": {"expire_date": "2014-06-20T22:32:29.549Z", "session_data": "OTI5ODVhMGFjYWVmMzdmMTM0YzQzOWM0MGQyMTU1ZTAyOWJhOWQ1ODp7ImlkcHJveWVjdG8iOiIyIiwiaWRmYXNlIjoiNSIsIl9hdXRoX3VzZXJfYmFja2VuZCI6ImRqYW5nby5jb250cmliLmF1dGguYmFja2VuZHMuTW9kZWxCYWNrZW5kIiwiX2F1dGhfdXNlcl9pZCI6M30="}}, {"pk": "8pyscesjdjer9zitd4ukjgv3fojuduaq", "model": "sessions.session", "fields": {"expire_date": "2014-06-15T03:39:26.936Z", "session_data": "N2Q5YjMxYTcwNGU4ZDFhNGFlMjQ4N2MyOGU2YTRhNmE1NmMxOTY5Nzp7ImlkcHJveWVjdG8iOiIxIiwiaWRmYXNlIjpudWxsLCJfYXV0aF91c2VyX2lkIjozLCJfYXV0aF91c2VyX2JhY2tlbmQiOiJkamFuZ28uY29udHJpYi5hdXRoLmJhY2tlbmRzLk1vZGVsQmFja2VuZCJ9"}}, {"pk": "ahsd26167a55qkdttmbn1kviy4408ajl", "model": "sessions.session", "fields": {"expire_date": "2014-06-20T04:48:28.836Z", "session_data": "ZDQ3ZWU3ODQ3ZjlmMWExZjA2N2NjMmM0ZjQ3ZTE0ZGI5YWIwOTg0Yzp7fQ=="}}, {"pk": "c1ibn9tf0twfc3wai7iknb0onw8ke0g5", "model": "sessions.session", "fields": {"expire_date": "2014-05-30T19:31:59.490Z", "session_data": "NjBiNmQ2ODk0MjdkNDc2YmE5MzBhNjFkYjA5YWM3NzlmZDJmOTkzYTp7ImlkcHJveWVjdG8iOiIxIiwiaWRmYXNlIjpudWxsLCJfYXV0aF91c2VyX2lkIjoxLCJfYXV0aF91c2VyX2JhY2tlbmQiOiJkamFuZ28uY29udHJpYi5hdXRoLmJhY2tlbmRzLk1vZGVsQmFja2VuZCJ9"}}, {"pk": "dfmxx5u8lzg3prrfn7o0irt6143s3ndf", "model": "sessions.session", "fields": {"expire_date": "2014-05-30T19:59:21.061Z", "session_data": "ZDQ3ZWU3ODQ3ZjlmMWExZjA2N2NjMmM0ZjQ3ZTE0ZGI5YWIwOTg0Yzp7fQ=="}}, {"pk": "fufvmyz5atg4xrnu7cvuwznzdoemyh0i", "model": "sessions.session", "fields": {"expire_date": "2014-05-30T20:54:01.282Z", "session_data": "MWRlOGUxZjU1Y2EzNDFiZDRlNGVmMTlmY2Y4ZDUzNTY0NGVlYzE0Mzp7ImlkcHJveWVjdG8iOiIxIiwiaWRmYXNlIjoiMSIsIl9hdXRoX3VzZXJfaWQiOjEsIl9hdXRoX3VzZXJfYmFja2VuZCI6ImRqYW5nby5jb250cmliLmF1dGguYmFja2VuZHMuTW9kZWxCYWNrZW5kIn0="}}, {"pk": "gf0akhngbum42j30q30nq0ple7s94l29", "model": "sessions.session", "fields": {"expire_date": "2014-05-31T04:25:45.005Z", "session_data": "MzU1Yjg2YzU3ZGNiMGVhNGE2MzkwNTNiNzFiYjc1ZWYwYjNjYTBmZDp7ImlkcHJveWVjdG8iOiIxIiwiaWRmYXNlIjoiMyIsIl9hdXRoX3VzZXJfaWQiOjIsIl9hdXRoX3VzZXJfYmFja2VuZCI6ImRqYW5nby5jb250cmliLmF1dGguYmFja2VuZHMuTW9kZWxCYWNrZW5kIn0="}}, {"pk": "hjyg8ko8iitq2k2xloeh1l8pudvff0ex", "model": "sessions.session", "fields": {"expire_date": "2014-06-15T15:15:06.284Z", "session_data": "YjgzNTcxNmZkNTU0MGI2NTI2NDM4NTk1MzYzNjI4YTU5NTY4NGFhNjp7ImlkcHJveWVjdG8iOiIxIiwiaWRmYXNlIjpudWxsLCJfYXV0aF91c2VyX2JhY2tlbmQiOiJkamFuZ28uY29udHJpYi5hdXRoLmJhY2tlbmRzLk1vZGVsQmFja2VuZCIsIl9hdXRoX3VzZXJfaWQiOjR9"}}, {"pk": "i7gaxkb6neci5pmf05rtbuj1v52mrlyh", "model": "sessions.session", "fields": {"expire_date": "2014-06-19T22:00:04.684Z", "session_data": "YmE5NWNhNWM2NTJhMWZjNTcxZGYxYjdlYTZlMWE3ODJhYzdhYTY5ZTp7ImlkcHJveWVjdG8iOiIxIiwiaWRmYXNlIjpudWxsLCJfYXV0aF91c2VyX2JhY2tlbmQiOiJkamFuZ28uY29udHJpYi5hdXRoLmJhY2tlbmRzLk1vZGVsQmFja2VuZCIsIl9hdXRoX3VzZXJfaWQiOjF9"}}, {"pk": "igzfnvusx9i2pq2pqsnsjctrqqcirgyu", "model": "sessions.session", "fields": {"expire_date": "2014-05-31T04:50:09.182Z", "session_data": "NjBiNmQ2ODk0MjdkNDc2YmE5MzBhNjFkYjA5YWM3NzlmZDJmOTkzYTp7ImlkcHJveWVjdG8iOiIxIiwiaWRmYXNlIjpudWxsLCJfYXV0aF91c2VyX2lkIjoxLCJfYXV0aF91c2VyX2JhY2tlbmQiOiJkamFuZ28uY29udHJpYi5hdXRoLmJhY2tlbmRzLk1vZGVsQmFja2VuZCJ9"}}, {"pk": "jiq35p70ub6jxdhhq8xhoncvmbkjv7gq", "model": "sessions.session", "fields": {"expire_date": "2014-06-19T04:46:00.864Z", "session_data": "NjhhMDA3MGU5MTczM2E1MjQwOTQ1ODA5NTU0NGNlMjE1NTdmYjUzMDp7ImlkcHJveWVjdG8iOiIxIiwiaWRmYXNlIjoiMyIsIl9hdXRoX3VzZXJfaWQiOjEsIl9hdXRoX3VzZXJfYmFja2VuZCI6ImRqYW5nby5jb250cmliLmF1dGguYmFja2VuZHMuTW9kZWxCYWNrZW5kIn0="}}, {"pk": "lma0j5awkbi6yevyr2v6rfaa1dedxgms", "model": "sessions.session", "fields": {"expire_date": "2014-06-06T20:55:30.332Z", "session_data": "NjBiNmQ2ODk0MjdkNDc2YmE5MzBhNjFkYjA5YWM3NzlmZDJmOTkzYTp7ImlkcHJveWVjdG8iOiIxIiwiaWRmYXNlIjpudWxsLCJfYXV0aF91c2VyX2lkIjoxLCJfYXV0aF91c2VyX2JhY2tlbmQiOiJkamFuZ28uY29udHJpYi5hdXRoLmJhY2tlbmRzLk1vZGVsQmFja2VuZCJ9"}}, {"pk": "nwecvr1bmuk9657reiac1eqfhz3bj3yo", "model": "sessions.session", "fields": {"expire_date": "2014-06-07T06:40:56.482Z", "session_data": "ZDQ3ZWU3ODQ3ZjlmMWExZjA2N2NjMmM0ZjQ3ZTE0ZGI5YWIwOTg0Yzp7fQ=="}}, {"pk": "nwpr5zn24pbqodux6zcbjk823t7t3gmy", "model": "sessions.session", "fields": {"expire_date": "2014-06-20T03:46:49.679Z", "session_data": "MmZhYWQyMDA3N2NkYmE0YmM2ZDMyMmM4M2E5ODFiNDA4OTY3ZDQ5MTp7ImlkcHJveWVjdG8iOiIyIiwiaWRmYXNlIjoiNSIsIl9hdXRoX3VzZXJfYmFja2VuZCI6ImRqYW5nby5jb250cmliLmF1dGguYmFja2VuZHMuTW9kZWxCYWNrZW5kIiwiX2F1dGhfdXNlcl9pZCI6Mn0="}}, {"pk": "o34mdftkrovnqqus6chcog0gokwo2ejn", "model": "sessions.session", "fields": {"expire_date": "2014-06-21T05:26:03.548Z", "session_data": "ZDNhZTk4ZjFjMzEwZGQ2NDU1NzdkOWNjN2QyMjMyZDJmMDk3ZjdkNjp7ImlkcHJveWVjdG8iOiIxIiwiaWRmYXNlIjoiNCIsIl9hdXRoX3VzZXJfYmFja2VuZCI6ImRqYW5nby5jb250cmliLmF1dGguYmFja2VuZHMuTW9kZWxCYWNrZW5kIiwiX2F1dGhfdXNlcl9pZCI6MX0="}}, {"pk": "o7vjxeudi5zbj9f3pi8tmsk6xnf1jru0", "model": "sessions.session", "fields": {"expire_date": "2014-05-31T11:34:10.934Z", "session_data": "NjBiNmQ2ODk0MjdkNDc2YmE5MzBhNjFkYjA5YWM3NzlmZDJmOTkzYTp7ImlkcHJveWVjdG8iOiIxIiwiaWRmYXNlIjpudWxsLCJfYXV0aF91c2VyX2lkIjoxLCJfYXV0aF91c2VyX2JhY2tlbmQiOiJkamFuZ28uY29udHJpYi5hdXRoLmJhY2tlbmRzLk1vZGVsQmFja2VuZCJ9"}}, {"pk": "od3xm4zertx10mg8bptvtw40zvuupa2n", "model": "sessions.session", "fields": {"expire_date": "2014-06-12T03:51:05.839Z", "session_data": "ZDQ3ZWU3ODQ3ZjlmMWExZjA2N2NjMmM0ZjQ3ZTE0ZGI5YWIwOTg0Yzp7fQ=="}}, {"pk": "ol64zswc8pvxmte0akptgt3iomqwvlkm", "model": "sessions.session", "fields": {"expire_date": "2014-06-20T02:25:03.334Z", "session_data": "ZDQ3ZWU3ODQ3ZjlmMWExZjA2N2NjMmM0ZjQ3ZTE0ZGI5YWIwOTg0Yzp7fQ=="}}, {"pk": "q0vfpf12jzwtwslxzztasq19oezr6czm", "model": "sessions.session", "fields": {"expire_date": "2014-06-15T17:00:32.214Z", "session_data": "ZDNhZTk4ZjFjMzEwZGQ2NDU1NzdkOWNjN2QyMjMyZDJmMDk3ZjdkNjp7ImlkcHJveWVjdG8iOiIxIiwiaWRmYXNlIjoiNCIsIl9hdXRoX3VzZXJfYmFja2VuZCI6ImRqYW5nby5jb250cmliLmF1dGguYmFja2VuZHMuTW9kZWxCYWNrZW5kIiwiX2F1dGhfdXNlcl9pZCI6MX0="}}, {"pk": "rb1a3zmwayg3ex32h49ll9eydi26vsqt", "model": "sessions.session", "fields": {"expire_date": "2014-05-30T18:47:34.941Z", "session_data": "Y2Q4M2NlMzdkNGY1ODZkYmE5OGZjYjY5MDBlNzQxN2NhMTQ0MTgyMDp7Il9hdXRoX3VzZXJfYmFja2VuZCI6ImRqYW5nby5jb250cmliLmF1dGguYmFja2VuZHMuTW9kZWxCYWNrZW5kIiwiX2F1dGhfdXNlcl9pZCI6MX0="}}, {"pk": "rsfymmv8icn6xznrli65hb1cyasze9hd", "model": "sessions.session", "fields": {"expire_date": "2014-06-09T03:29:24.230Z", "session_data": "NjhhMDA3MGU5MTczM2E1MjQwOTQ1ODA5NTU0NGNlMjE1NTdmYjUzMDp7ImlkcHJveWVjdG8iOiIxIiwiaWRmYXNlIjoiMyIsIl9hdXRoX3VzZXJfaWQiOjEsIl9hdXRoX3VzZXJfYmFja2VuZCI6ImRqYW5nby5jb250cmliLmF1dGguYmFja2VuZHMuTW9kZWxCYWNrZW5kIn0="}}, {"pk": "v1wuqzogro6mtoefgyw91vpnd0671x0n", "model": "sessions.session", "fields": {"expire_date": "2014-06-07T12:17:23.063Z", "session_data": "Y2Q4M2NlMzdkNGY1ODZkYmE5OGZjYjY5MDBlNzQxN2NhMTQ0MTgyMDp7Il9hdXRoX3VzZXJfYmFja2VuZCI6ImRqYW5nby5jb250cmliLmF1dGguYmFja2VuZHMuTW9kZWxCYWNrZW5kIiwiX2F1dGhfdXNlcl9pZCI6MX0="}}, {"pk": "ynr3tt3it8nkqgq7ahzooemnd2xn5jbx", "model": "sessions.session", "fields": {"expire_date": "2014-06-17T05:27:51.442Z", "session_data": "NDYxYWI2NzUwMzE0MWM2NDQxOWQ1NzRiZmMyYzA4NDEzOWRiNDhlYzp7ImlkcHJveWVjdG8iOiIxIiwiaWRmYXNlIjoiMSIsIl9hdXRoX3VzZXJfYmFja2VuZCI6ImRqYW5nby5jb250cmliLmF1dGguYmFja2VuZHMuTW9kZWxCYWNrZW5kIiwiX2F1dGhfdXNlcl9pZCI6MX0="}}, {"pk": "z1j6awuk5egr0kgi5xr9gevfypep28zf", "model": "sessions.session", "fields": {"expire_date": "2014-06-17T23:08:18.191Z", "session_data": "N2Q5YjMxYTcwNGU4ZDFhNGFlMjQ4N2MyOGU2YTRhNmE1NmMxOTY5Nzp7ImlkcHJveWVjdG8iOiIxIiwiaWRmYXNlIjpudWxsLCJfYXV0aF91c2VyX2lkIjozLCJfYXV0aF91c2VyX2JhY2tlbmQiOiJkamFuZ28uY29udHJpYi5hdXRoLmJhY2tlbmRzLk1vZGVsQmFja2VuZCJ9"}}, {"pk": "zpmvhx3sh87css7did04v7maxmvtqkkn", "model": "sessions.session", "fields": {"expire_date": "2014-05-30T18:47:27.087Z", "session_data": "ZDQ3ZWU3ODQ3ZjlmMWExZjA2N2NjMmM0ZjQ3ZTE0ZGI5YWIwOTg0Yzp7fQ=="}}, {"pk": "zta50hjlhwtfev20n6bhtr28sj9ac7ok", "model": "sessions.session", "fields": {"expire_date": "2014-05-30T21:25:31.737Z", "session_data": "NjBiNmQ2ODk0MjdkNDc2YmE5MzBhNjFkYjA5YWM3NzlmZDJmOTkzYTp7ImlkcHJveWVjdG8iOiIxIiwiaWRmYXNlIjpudWxsLCJfYXV0aF91c2VyX2lkIjoxLCJfYXV0aF91c2VyX2JhY2tlbmQiOiJkamFuZ28uY29udHJpYi5hdXRoLmJhY2tlbmRzLk1vZGVsQmFja2VuZCJ9"}}, {"pk": 1, "model": "admin.proyecto", "fields": {"descripcion": "sistema de Gesti\u00f3n para Plus S.A.", "nombre": "Software PLUS S.A.", "estado": "NOI", "fechainicio": "2014-05-01", "fechafin": "2014-06-06"}}, {"pk": 2, "model": "admin.proyecto", "fields": {"descripcion": "Analisis de Requerimientos y dise\u00f1o formal.  ", "nombre": "Consultoria BAGA S.A.", "estado": "INI", "fechainicio": null, "fechafin": null}}, {"pk": 3, "model": "admin.proyecto", "fields": {"descripcion": "sistema mobil para Banco Regional", "nombre": "Regional Mobile", "estado": "NOI", "fechainicio": "2014-06-06", "fechafin": null}}, {"pk": 1, "model": "admin.fase", "fields": {"descripcion": "Relevamiento de datos", "nombre": "Relevamiento de datos", "idproyecto": 1, "estado": "FIN", "fechacreacion": "2014-05-16"}}, {"pk": 3, "model": "admin.fase", "fields": {"descripcion": "Contratacion de personal", "nombre": "Contratacion de personal", "idproyecto": 1, "estado": "FIN", "fechacreacion": "2014-06-06"}}, {"pk": 4, "model": "admin.fase", "fields": {"descripcion": "Construcci\u00f3n del primer modulo", "nombre": "Construcci\u00f3n del primer modulo", "idproyecto": 1, "estado": "DES", "fechacreacion": "2014-06-06"}}, {"pk": 5, "model": "admin.fase", "fields": {"descripcion": "Analisis de Requerimientos ", "nombre": "Analisis de Requerimientos", "idproyecto": 2, "estado": "DES", "fechacreacion": "2014-06-06"}}, {"pk": 6, "model": "admin.fase", "fields": {"descripcion": "Relevamiento de datos", "nombre": "Relevamiento de datos", "idproyecto": 3, "estado": "DES", "fechacreacion": "2014-06-06"}}, {"pk": 7, "model": "admin.fase", "fields": {"descripcion": "implementacion en el lado servidor ", "nombre": "Implementetacion de backend", "idproyecto": 3, "estado": "DES", "fechacreacion": "2014-06-07"}}, {"pk": 8, "model": "admin.fase", "fields": {"descripcion": "Implementacion de lado cliente con estandar html ", "nombre": "Implementacion front-end", "idproyecto": 3, "estado": "DES", "fechacreacion": "2014-06-07"}}, {"pk": 9, "model": "admin.fase", "fields": {"descripcion": "Construccion del segundo m\u00f3dulo ", "nombre": "Construccion del segundo m\u00f3dulo ", "idproyecto": 1, "estado": "DES", "fechacreacion": "2014-06-07"}}, {"pk": 1, "model": "admin.rolfases", "fields": {"rolproyecto": 1, "fase": 1}}, {"pk": 3, "model": "admin.rolfases", "fields": {"rolproyecto": 2, "fase": 3}}, {"pk": 4, "model": "admin.rolfases", "fields": {"rolproyecto": 1, "fase": 3}}, {"pk": 5, "model": "admin.rolfases", "fields": {"rolproyecto": 3, "fase": 4}}, {"pk": 6, "model": "admin.rolfases", "fields": {"rolproyecto": 4, "fase": 3}}, {"pk": 7, "model": "admin.rolfases", "fields": {"rolproyecto": 2, "fase": 4}}, {"pk": 8, "model": "admin.rolfases", "fields": {"rolproyecto": 5, "fase": 5}}, {"pk": 9, "model": "admin.rolfases", "fields": {"rolproyecto": 1, "fase": 4}}, {"pk": 10, "model": "admin.rolfases", "fields": {"rolproyecto": 10, "fase": 6}}, {"pk": 11, "model": "admin.rolfases", "fields": {"rolproyecto": 2, "fase": 9}}, {"pk": 1, "model": "desarrollo.itemtipos", "fields": {"descripcion": "Atributos por defecto", "nombre": "Default", "idfase": null, "es_supertipo": true}}, {"pk": 2, "model": "desarrollo.itemtipos", "fields": {"descripcion": "tipo de item para costos ", "nombre": "t_costos", "idfase": 1, "es_supertipo": false}}, {"pk": 3, "model": "desarrollo.itemtipos", "fields": {"descripcion": "costos relativos", "nombre": "t_costos_indeterminados", "idfase": 1, "es_supertipo": false}}, {"pk": 4, "model": "desarrollo.itemtipos", "fields": {"descripcion": "agrupacion de fechas", "nombre": "t_fechas", "idfase": 1, "es_supertipo": false}}, {"pk": 5, "model": "desarrollo.itemtipos", "fields": {"descripcion": "tipo de item para seleccion de personal ", "nombre": "t_seleccionpersonal", "idfase": 3, "es_supertipo": false}}, {"pk": 6, "model": "desarrollo.itemtipos", "fields": {"descripcion": "tipos de items del primer modulo", "nombre": "t_items_p1", "idfase": 4, "es_supertipo": false}}, {"pk": 7, "model": "desarrollo.itemtipos", "fields": {"descripcion": "tipo de item para analisis de requerimientos ", "nombre": "t_fechas_req", "idfase": 5, "es_supertipo": false}}, {"pk": 8, "model": "desarrollo.itemtipos", "fields": {"descripcion": "tipos de items del segundo modulo", "nombre": "t_items_p2", "idfase": 9, "es_supertipo": false}}, {"pk": 1, "model": "desarrollo.itematributos", "fields": {"descripcion": null, "nombre": "complejidad", "idtipoitem": 1, "tipodato": "N"}}, {"pk": 2, "model": "desarrollo.itematributos", "fields": {"descripcion": null, "nombre": "prioridad", "idtipoitem": 1, "tipodato": "N"}}, {"pk": 3, "model": "desarrollo.itematributos", "fields": {"descripcion": "costo en moneda local", "nombre": "costo_monedalocal", "idtipoitem": 2, "tipodato": "N"}}, {"pk": 4, "model": "desarrollo.itematributos", "fields": {"descripcion": "costo en guaranies", "nombre": "costo_gs", "idtipoitem": 2, "tipodato": "N"}}, {"pk": 5, "model": "desarrollo.itematributos", "fields": {"descripcion": "costo en guaranies", "nombre": "costo_gs", "idtipoitem": 3, "tipodato": "N"}}, {"pk": 6, "model": "desarrollo.itematributos", "fields": {"descripcion": "costo en moneda local", "nombre": "costo_monedalocal", "idtipoitem": 3, "tipodato": "N"}}, {"pk": 7, "model": "desarrollo.itematributos", "fields": {"descripcion": "fecha_1", "nombre": "fecha_1", "idtipoitem": 4, "tipodato": "D"}}, {"pk": 8, "model": "desarrollo.itematributos", "fields": {"descripcion": "fecha_1", "nombre": "fecha_1", "idtipoitem": 5, "tipodato": "D"}}, {"pk": 9, "model": "desarrollo.itematributos", "fields": {"descripcion": "cantidad de horas", "nombre": "cant_horas", "idtipoitem": 5, "tipodato": "N"}}, {"pk": 10, "model": "desarrollo.itematributos", "fields": {"descripcion": "fecha_1", "nombre": "fecha_1", "idtipoitem": 6, "tipodato": "D"}}, {"pk": 11, "model": "desarrollo.itematributos", "fields": {"descripcion": "fecha_1", "nombre": "fecha_1", "idtipoitem": 7, "tipodato": "D"}}, {"pk": 12, "model": "desarrollo.itematributos", "fields": {"descripcion": "nombre de la persona contacto en la empresa", "nombre": "contacto", "idtipoitem": 7, "tipodato": "C"}}, {"pk": 13, "model": "desarrollo.itematributos", "fields": {"descripcion": "fecha_1", "nombre": "fecha_1", "idtipoitem": 8, "tipodato": "D"}}, {"pk": 1, "model": "desarrollo.item", "fields": {"idfase": 1, "numero": 1, "version": 4, "descripcion": "entrevista con el cliente ", "nombre": "Entrevista con el cliente", "estado": "BLO", "idtipoitem": 2}}, {"pk": 2, "model": "desarrollo.item", "fields": {"idfase": 1, "numero": 2, "version": 0, "descripcion": "presentacion del presupuesto inicial sin costos de x ", "nombre": "Presentacion de presupuesto inicial ", "estado": "BLO", "idtipoitem": 3}}, {"pk": 3, "model": "desarrollo.item", "fields": {"idfase": 1, "numero": 3, "version": 0, "descripcion": "", "nombre": "Presentacion de presupuesto 2da", "estado": "BLO", "idtipoitem": 2}}, {"pk": 4, "model": "desarrollo.item", "fields": {"idfase": 1, "numero": 4, "version": 1, "descripcion": "Aprobacion de presupuesto", "nombre": "Aprobacion de presupuesto", "estado": "BLO", "idtipoitem": 4}}, {"pk": 5, "model": "desarrollo.item", "fields": {"idfase": 3, "numero": 1, "version": 1, "descripcion": "Contratacion de analistas ", "nombre": "Contratacion de analistas ", "estado": "BLO", "idtipoitem": 5}}, {"pk": 6, "model": "desarrollo.item", "fields": {"idfase": 3, "numero": 2, "version": 1, "descripcion": "contratacion de programadores para el proyecto", "nombre": "Contratacion de programadores", "estado": "BLO", "idtipoitem": 5}}, {"pk": 7, "model": "desarrollo.item", "fields": {"idfase": 3, "numero": 3, "version": 5, "descripcion": "contratacion de ingenieros para las pruebas de software", "nombre": "Contrataci\u00f3n de testers", "estado": "BLO", "idtipoitem": 5}}, {"pk": 8, "model": "desarrollo.item", "fields": {"idfase": 4, "numero": 1, "version": 9, "descripcion": "programa que restringe el acceso al sistema a usuarios permitidos", "nombre": "autenticacion del usuario", "estado": "BLO", "idtipoitem": 6}}, {"pk": 9, "model": "desarrollo.item", "fields": {"idfase": 5, "numero": 1, "version": 5, "descripcion": "entrevista al gerente general de la empresa", "nombre": "entrevista a gerente", "estado": "BLO", "idtipoitem": 7}}, {"pk": 10, "model": "desarrollo.item", "fields": {"idfase": 5, "numero": 2, "version": 2, "descripcion": "entrevista con el jefe de cada departamento de la empresa", "nombre": "entrevista con jefes de area", "estado": "BLO", "idtipoitem": 7}}, {"pk": 11, "model": "desarrollo.item", "fields": {"idfase": 5, "numero": 3, "version": 1, "descripcion": "entrevista con los operadores ", "nombre": "entrevista con operadores ", "estado": "DES", "idtipoitem": 7}}, {"pk": 12, "model": "desarrollo.item", "fields": {"idfase": 4, "numero": 2, "version": 1, "descripcion": "los permisos se corresponden con funcionalidades del sistema", "nombre": "lista estatica de permisos", "estado": "BLO", "idtipoitem": 6}}, {"pk": 13, "model": "desarrollo.item", "fields": {"idfase": 4, "numero": 3, "version": 1, "descripcion": "roles que agrupan permisos", "nombre": "roles que agrupan permisos", "estado": "BLO", "idtipoitem": 6}}, {"pk": 14, "model": "desarrollo.item", "fields": {"idfase": 4, "numero": 4, "version": 1, "descripcion": "seguridad basada en usuario, roles , permisos", "nombre": "funciones principales de seguridad ", "estado": "BLO", "idtipoitem": 6}}, {"pk": 15, "model": "desarrollo.item", "fields": {"idfase": 9, "numero": 1, "version": 1, "descripcion": "funciones de cola de mensajes", "nombre": "funciones de cola de mensajes", "estado": "DES", "idtipoitem": 8}}, {"pk": 1, "model": "desarrollo.itematributosvalores", "fields": {"idatributo": 1, "usoactual": false, "version": 3, "enlineabase": false, "creacion": "2014-05-16", "valor": "50", "iditem": 1}}, {"pk": 2, "model": "desarrollo.itematributosvalores", "fields": {"idatributo": 2, "usoactual": false, "version": 3, "enlineabase": false, "creacion": "2014-05-16", "valor": "100", "iditem": 1}}, {"pk": 3, "model": "desarrollo.itematributosvalores", "fields": {"idatributo": 3, "usoactual": false, "version": 3, "enlineabase": false, "creacion": "2014-05-16", "valor": "100000", "iditem": 1}}, {"pk": 4, "model": "desarrollo.itematributosvalores", "fields": {"idatributo": 4, "usoactual": false, "version": 3, "enlineabase": false, "creacion": "2014-05-16", "valor": "100000", "iditem": 1}}, {"pk": 5, "model": "desarrollo.itematributosvalores", "fields": {"idatributo": 1, "usoactual": false, "version": 1, "enlineabase": false, "creacion": "2014-05-16", "valor": "50", "iditem": 1}}, {"pk": 6, "model": "desarrollo.itematributosvalores", "fields": {"idatributo": 2, "usoactual": false, "version": 1, "enlineabase": false, "creacion": "2014-05-16", "valor": "100", "iditem": 1}}, {"pk": 7, "model": "desarrollo.itematributosvalores", "fields": {"idatributo": 3, "usoactual": false, "version": 1, "enlineabase": false, "creacion": "2014-05-16", "valor": "70000", "iditem": 1}}, {"pk": 8, "model": "desarrollo.itematributosvalores", "fields": {"idatributo": 4, "usoactual": false, "version": 1, "enlineabase": false, "creacion": "2014-05-16", "valor": "65000", "iditem": 1}}, {"pk": 9, "model": "desarrollo.itematributosvalores", "fields": {"idatributo": 1, "usoactual": false, "version": 2, "enlineabase": false, "creacion": "2014-05-16", "valor": "50", "iditem": 1}}, {"pk": 10, "model": "desarrollo.itematributosvalores", "fields": {"idatributo": 2, "usoactual": false, "version": 2, "enlineabase": false, "creacion": "2014-05-16", "valor": "100", "iditem": 1}}, {"pk": 11, "model": "desarrollo.itematributosvalores", "fields": {"idatributo": 3, "usoactual": false, "version": 2, "enlineabase": false, "creacion": "2014-05-16", "valor": "70000", "iditem": 1}}, {"pk": 12, "model": "desarrollo.itematributosvalores", "fields": {"idatributo": 4, "usoactual": false, "version": 2, "enlineabase": false, "creacion": "2014-05-16", "valor": "85000", "iditem": 1}}, {"pk": 13, "model": "desarrollo.itematributosvalores", "fields": {"idatributo": 1, "usoactual": true, "version": 4, "enlineabase": false, "creacion": "2014-05-16", "valor": "50", "iditem": 1}}, {"pk": 14, "model": "desarrollo.itematributosvalores", "fields": {"idatributo": 2, "usoactual": true, "version": 4, "enlineabase": false, "creacion": "2014-05-16", "valor": "100", "iditem": 1}}, {"pk": 15, "model": "desarrollo.itematributosvalores", "fields": {"idatributo": 3, "usoactual": true, "version": 4, "enlineabase": false, "creacion": "2014-05-16", "valor": "70000", "iditem": 1}}, {"pk": 16, "model": "desarrollo.itematributosvalores", "fields": {"idatributo": 4, "usoactual": true, "version": 4, "enlineabase": false, "creacion": "2014-05-16", "valor": "65000", "iditem": 1}}, {"pk": 17, "model": "desarrollo.itematributosvalores", "fields": {"idatributo": 1, "usoactual": true, "version": 1, "enlineabase": false, "creacion": "2014-05-16", "valor": "50", "iditem": 4}}, {"pk": 18, "model": "desarrollo.itematributosvalores", "fields": {"idatributo": 2, "usoactual": true, "version": 1, "enlineabase": false, "creacion": "2014-05-16", "valor": "90", "iditem": 4}}, {"pk": 19, "model": "desarrollo.itematributosvalores", "fields": {"idatributo": 7, "usoactual": true, "version": 1, "enlineabase": false, "creacion": "2014-05-16", "valor": "16/05/2014", "iditem": 4}}, {"pk": 20, "model": "desarrollo.itematributosvalores", "fields": {"idatributo": 1, "usoactual": true, "version": 1, "enlineabase": false, "creacion": "2014-05-17", "valor": "70", "iditem": 5}}, {"pk": 21, "model": "desarrollo.itematributosvalores", "fields": {"idatributo": 2, "usoactual": true, "version": 1, "enlineabase": false, "creacion": "2014-05-17", "valor": "80", "iditem": 5}}, {"pk": 22, "model": "desarrollo.itematributosvalores", "fields": {"idatributo": 8, "usoactual": true, "version": 1, "enlineabase": false, "creacion": "2014-05-17", "valor": "17/05/2014", "iditem": 5}}, {"pk": 23, "model": "desarrollo.itematributosvalores", "fields": {"idatributo": 9, "usoactual": true, "version": 1, "enlineabase": false, "creacion": "2014-05-17", "valor": "4", "iditem": 5}}, {"pk": 24, "model": "desarrollo.itematributosvalores", "fields": {"idatributo": 1, "usoactual": true, "version": 1, "enlineabase": false, "creacion": "2014-05-17", "valor": "80", "iditem": 6}}, {"pk": 25, "model": "desarrollo.itematributosvalores", "fields": {"idatributo": 2, "usoactual": true, "version": 1, "enlineabase": false, "creacion": "2014-05-17", "valor": "95", "iditem": 6}}, {"pk": 26, "model": "desarrollo.itematributosvalores", "fields": {"idatributo": 8, "usoactual": true, "version": 1, "enlineabase": false, "creacion": "2014-05-17", "valor": "20/05/2014", "iditem": 6}}, {"pk": 27, "model": "desarrollo.itematributosvalores", "fields": {"idatributo": 9, "usoactual": true, "version": 1, "enlineabase": false, "creacion": "2014-05-17", "valor": "6", "iditem": 6}}, {"pk": 28, "model": "desarrollo.itematributosvalores", "fields": {"idatributo": 1, "usoactual": false, "version": 2, "enlineabase": false, "creacion": "2014-06-03", "valor": "60", "iditem": 7}}, {"pk": 29, "model": "desarrollo.itematributosvalores", "fields": {"idatributo": 2, "usoactual": false, "version": 2, "enlineabase": false, "creacion": "2014-06-03", "valor": "60", "iditem": 7}}, {"pk": 30, "model": "desarrollo.itematributosvalores", "fields": {"idatributo": 8, "usoactual": false, "version": 2, "enlineabase": false, "creacion": "2014-06-03", "valor": "22/05/2014", "iditem": 7}}, {"pk": 31, "model": "desarrollo.itematributosvalores", "fields": {"idatributo": 9, "usoactual": false, "version": 2, "enlineabase": false, "creacion": "2014-06-03", "valor": "5", "iditem": 7}}, {"pk": 32, "model": "desarrollo.itematributosvalores", "fields": {"idatributo": 1, "usoactual": true, "version": 9, "enlineabase": true, "creacion": "2014-06-03", "valor": "88", "iditem": 8}}, {"pk": 33, "model": "desarrollo.itematributosvalores", "fields": {"idatributo": 2, "usoactual": true, "version": 9, "enlineabase": true, "creacion": "2014-06-03", "valor": "10", "iditem": 8}}, {"pk": 34, "model": "desarrollo.itematributosvalores", "fields": {"idatributo": 10, "usoactual": true, "version": 9, "enlineabase": true, "creacion": "2014-06-03", "valor": "01/05/2014", "iditem": 8}}, {"pk": 35, "model": "desarrollo.itematributosvalores", "fields": {"idatributo": 1, "usoactual": false, "version": 1, "enlineabase": false, "creacion": "2014-06-03", "valor": "20", "iditem": 8}}, {"pk": 36, "model": "desarrollo.itematributosvalores", "fields": {"idatributo": 2, "usoactual": false, "version": 1, "enlineabase": false, "creacion": "2014-06-03", "valor": "10", "iditem": 8}}, {"pk": 37, "model": "desarrollo.itematributosvalores", "fields": {"idatributo": 10, "usoactual": false, "version": 1, "enlineabase": false, "creacion": "2014-06-03", "valor": "03/06/2014", "iditem": 8}}, {"pk": 38, "model": "desarrollo.itematributosvalores", "fields": {"idatributo": 1, "usoactual": false, "version": 2, "enlineabase": false, "creacion": "2014-06-03", "valor": "20", "iditem": 8}}, {"pk": 39, "model": "desarrollo.itematributosvalores", "fields": {"idatributo": 2, "usoactual": false, "version": 2, "enlineabase": false, "creacion": "2014-06-03", "valor": "20", "iditem": 8}}, {"pk": 40, "model": "desarrollo.itematributosvalores", "fields": {"idatributo": 10, "usoactual": false, "version": 2, "enlineabase": false, "creacion": "2014-06-03", "valor": "03/06/2014", "iditem": 8}}, {"pk": 41, "model": "desarrollo.itematributosvalores", "fields": {"idatributo": 1, "usoactual": false, "version": 2, "enlineabase": false, "creacion": "2014-06-03", "valor": "20", "iditem": 8}}, {"pk": 42, "model": "desarrollo.itematributosvalores", "fields": {"idatributo": 2, "usoactual": false, "version": 2, "enlineabase": false, "creacion": "2014-06-03", "valor": "20", "iditem": 8}}, {"pk": 43, "model": "desarrollo.itematributosvalores", "fields": {"idatributo": 10, "usoactual": false, "version": 2, "enlineabase": false, "creacion": "2014-06-03", "valor": "03/06/2014", "iditem": 8}}, {"pk": 44, "model": "desarrollo.itematributosvalores", "fields": {"idatributo": 1, "usoactual": false, "version": 1, "enlineabase": false, "creacion": "2014-06-03", "valor": "80", "iditem": 7}}, {"pk": 45, "model": "desarrollo.itematributosvalores", "fields": {"idatributo": 2, "usoactual": false, "version": 1, "enlineabase": false, "creacion": "2014-06-03", "valor": "60", "iditem": 7}}, {"pk": 46, "model": "desarrollo.itematributosvalores", "fields": {"idatributo": 8, "usoactual": false, "version": 1, "enlineabase": false, "creacion": "2014-06-03", "valor": "22/05/2014", "iditem": 7}}, {"pk": 47, "model": "desarrollo.itematributosvalores", "fields": {"idatributo": 9, "usoactual": false, "version": 1, "enlineabase": false, "creacion": "2014-06-03", "valor": "5", "iditem": 7}}, {"pk": 48, "model": "desarrollo.itematributosvalores", "fields": {"idatributo": 1, "usoactual": false, "version": 3, "enlineabase": false, "creacion": "2014-06-03", "valor": "20", "iditem": 8}}, {"pk": 49, "model": "desarrollo.itematributosvalores", "fields": {"idatributo": 2, "usoactual": false, "version": 3, "enlineabase": false, "creacion": "2014-06-03", "valor": "20", "iditem": 8}}, {"pk": 50, "model": "desarrollo.itematributosvalores", "fields": {"idatributo": 10, "usoactual": false, "version": 3, "enlineabase": false, "creacion": "2014-06-03", "valor": "03/06/2014", "iditem": 8}}, {"pk": 51, "model": "desarrollo.itematributosvalores", "fields": {"idatributo": 2, "usoactual": false, "version": 4, "enlineabase": false, "creacion": "2014-06-03", "valor": "20", "iditem": 8}}, {"pk": 52, "model": "desarrollo.itematributosvalores", "fields": {"idatributo": 10, "usoactual": false, "version": 4, "enlineabase": false, "creacion": "2014-06-03", "valor": "03/06/2014", "iditem": 8}}, {"pk": 53, "model": "desarrollo.itematributosvalores", "fields": {"idatributo": 1, "usoactual": false, "version": 4, "enlineabase": false, "creacion": "2014-06-03", "valor": "30", "iditem": 8}}, {"pk": 54, "model": "desarrollo.itematributosvalores", "fields": {"idatributo": 2, "usoactual": false, "version": 4, "enlineabase": false, "creacion": "2014-06-03", "valor": "20", "iditem": 8}}, {"pk": 55, "model": "desarrollo.itematributosvalores", "fields": {"idatributo": 10, "usoactual": false, "version": 4, "enlineabase": false, "creacion": "2014-06-03", "valor": "03/06/2014", "iditem": 8}}, {"pk": 56, "model": "desarrollo.itematributosvalores", "fields": {"idatributo": 1, "usoactual": false, "version": 4, "enlineabase": false, "creacion": "2014-06-03", "valor": "30", "iditem": 8}}, {"pk": 57, "model": "desarrollo.itematributosvalores", "fields": {"idatributo": 10, "usoactual": false, "version": 5, "enlineabase": false, "creacion": "2014-06-03", "valor": "03/06/2014", "iditem": 8}}, {"pk": 58, "model": "desarrollo.itematributosvalores", "fields": {"idatributo": 1, "usoactual": false, "version": 5, "enlineabase": false, "creacion": "2014-06-03", "valor": "66", "iditem": 8}}, {"pk": 59, "model": "desarrollo.itematributosvalores", "fields": {"idatributo": 2, "usoactual": false, "version": 5, "enlineabase": false, "creacion": "2014-06-03", "valor": "30", "iditem": 8}}, {"pk": 60, "model": "desarrollo.itematributosvalores", "fields": {"idatributo": 10, "usoactual": false, "version": 6, "enlineabase": false, "creacion": "2014-06-03", "valor": "03/06/2014", "iditem": 8}}, {"pk": 61, "model": "desarrollo.itematributosvalores", "fields": {"idatributo": 2, "usoactual": false, "version": 6, "enlineabase": false, "creacion": "2014-06-03", "valor": "30", "iditem": 8}}, {"pk": 62, "model": "desarrollo.itematributosvalores", "fields": {"idatributo": 1, "usoactual": false, "version": 6, "enlineabase": false, "creacion": "2014-06-03", "valor": "70", "iditem": 8}}, {"pk": 63, "model": "desarrollo.itematributosvalores", "fields": {"idatributo": 10, "usoactual": false, "version": 6, "enlineabase": false, "creacion": "2014-06-03", "valor": "03/06/2014", "iditem": 8}}, {"pk": 64, "model": "desarrollo.itematributosvalores", "fields": {"idatributo": 2, "usoactual": false, "version": 6, "enlineabase": false, "creacion": "2014-06-03", "valor": "30", "iditem": 8}}, {"pk": 65, "model": "desarrollo.itematributosvalores", "fields": {"idatributo": 1, "usoactual": false, "version": 6, "enlineabase": false, "creacion": "2014-06-03", "valor": "70", "iditem": 8}}, {"pk": 66, "model": "desarrollo.itematributosvalores", "fields": {"idatributo": 10, "usoactual": false, "version": 6, "enlineabase": false, "creacion": "2014-06-03", "valor": "03/06/2014", "iditem": 8}}, {"pk": 67, "model": "desarrollo.itematributosvalores", "fields": {"idatributo": 2, "usoactual": false, "version": 6, "enlineabase": false, "creacion": "2014-06-03", "valor": "30", "iditem": 8}}, {"pk": 68, "model": "desarrollo.itematributosvalores", "fields": {"idatributo": 1, "usoactual": false, "version": 6, "enlineabase": false, "creacion": "2014-06-03", "valor": "70", "iditem": 8}}, {"pk": 69, "model": "desarrollo.itematributosvalores", "fields": {"idatributo": 10, "usoactual": false, "version": 6, "enlineabase": false, "creacion": "2014-06-03", "valor": "03/06/2014", "iditem": 8}}, {"pk": 70, "model": "desarrollo.itematributosvalores", "fields": {"idatributo": 2, "usoactual": false, "version": 6, "enlineabase": false, "creacion": "2014-06-03", "valor": "30", "iditem": 8}}, {"pk": 71, "model": "desarrollo.itematributosvalores", "fields": {"idatributo": 1, "usoactual": false, "version": 6, "enlineabase": false, "creacion": "2014-06-03", "valor": "70", "iditem": 8}}, {"pk": 72, "model": "desarrollo.itematributosvalores", "fields": {"idatributo": 1, "usoactual": false, "version": 7, "enlineabase": false, "creacion": "2014-06-03", "valor": "70", "iditem": 8}}, {"pk": 73, "model": "desarrollo.itematributosvalores", "fields": {"idatributo": 2, "usoactual": false, "version": 7, "enlineabase": false, "creacion": "2014-06-03", "valor": "10", "iditem": 8}}, {"pk": 74, "model": "desarrollo.itematributosvalores", "fields": {"idatributo": 10, "usoactual": false, "version": 7, "enlineabase": false, "creacion": "2014-06-03", "valor": "01/05/2014", "iditem": 8}}, {"pk": 75, "model": "desarrollo.itematributosvalores", "fields": {"idatributo": 1, "usoactual": true, "version": 5, "enlineabase": true, "creacion": "2014-06-03", "valor": "88", "iditem": 7}}, {"pk": 76, "model": "desarrollo.itematributosvalores", "fields": {"idatributo": 2, "usoactual": true, "version": 5, "enlineabase": true, "creacion": "2014-06-03", "valor": "60", "iditem": 7}}, {"pk": 77, "model": "desarrollo.itematributosvalores", "fields": {"idatributo": 8, "usoactual": true, "version": 5, "enlineabase": true, "creacion": "2014-06-03", "valor": "12/05/2014", "iditem": 7}}, {"pk": 78, "model": "desarrollo.itematributosvalores", "fields": {"idatributo": 9, "usoactual": true, "version": 5, "enlineabase": true, "creacion": "2014-06-03", "valor": "5", "iditem": 7}}, {"pk": 79, "model": "desarrollo.itematributosvalores", "fields": {"idatributo": 1, "usoactual": false, "version": 3, "enlineabase": false, "creacion": "2014-06-03", "valor": "80", "iditem": 7}}, {"pk": 80, "model": "desarrollo.itematributosvalores", "fields": {"idatributo": 2, "usoactual": false, "version": 3, "enlineabase": false, "creacion": "2014-06-03", "valor": "60", "iditem": 7}}, {"pk": 81, "model": "desarrollo.itematributosvalores", "fields": {"idatributo": 8, "usoactual": false, "version": 3, "enlineabase": false, "creacion": "2014-06-03", "valor": "22/05/2014", "iditem": 7}}, {"pk": 82, "model": "desarrollo.itematributosvalores", "fields": {"idatributo": 9, "usoactual": false, "version": 3, "enlineabase": false, "creacion": "2014-06-03", "valor": "5", "iditem": 7}}, {"pk": 83, "model": "desarrollo.itematributosvalores", "fields": {"idatributo": 2, "usoactual": false, "version": 4, "enlineabase": false, "creacion": "2014-06-03", "valor": "60", "iditem": 7}}, {"pk": 84, "model": "desarrollo.itematributosvalores", "fields": {"idatributo": 8, "usoactual": false, "version": 4, "enlineabase": false, "creacion": "2014-06-03", "valor": "22/05/2014", "iditem": 7}}, {"pk": 85, "model": "desarrollo.itematributosvalores", "fields": {"idatributo": 9, "usoactual": false, "version": 4, "enlineabase": false, "creacion": "2014-06-03", "valor": "5", "iditem": 7}}, {"pk": 86, "model": "desarrollo.itematributosvalores", "fields": {"idatributo": 1, "usoactual": false, "version": 4, "enlineabase": false, "creacion": "2014-06-03", "valor": "88", "iditem": 7}}, {"pk": 87, "model": "desarrollo.itematributosvalores", "fields": {"idatributo": 2, "usoactual": false, "version": 8, "enlineabase": true, "creacion": "2014-06-03", "valor": "10", "iditem": 8}}, {"pk": 88, "model": "desarrollo.itematributosvalores", "fields": {"idatributo": 10, "usoactual": false, "version": 8, "enlineabase": true, "creacion": "2014-06-03", "valor": "01/05/2014", "iditem": 8}}, {"pk": 89, "model": "desarrollo.itematributosvalores", "fields": {"idatributo": 1, "usoactual": false, "version": 8, "enlineabase": true, "creacion": "2014-06-03", "valor": "80", "iditem": 8}}, {"pk": 90, "model": "desarrollo.itematributosvalores", "fields": {"idatributo": 1, "usoactual": true, "version": 5, "enlineabase": true, "creacion": "2014-06-06", "valor": "98", "iditem": 9}}, {"pk": 91, "model": "desarrollo.itematributosvalores", "fields": {"idatributo": 2, "usoactual": true, "version": 5, "enlineabase": true, "creacion": "2014-06-06", "valor": "100", "iditem": 9}}, {"pk": 92, "model": "desarrollo.itematributosvalores", "fields": {"idatributo": 11, "usoactual": true, "version": 5, "enlineabase": true, "creacion": "2014-06-06", "valor": "06/06/2014", "iditem": 9}}, {"pk": 93, "model": "desarrollo.itematributosvalores", "fields": {"idatributo": 12, "usoactual": true, "version": 5, "enlineabase": true, "creacion": "2014-06-06", "valor": "Ing. Pepin ", "iditem": 9}}, {"pk": 94, "model": "desarrollo.itematributosvalores", "fields": {"idatributo": 1, "usoactual": true, "version": 2, "enlineabase": true, "creacion": "2014-06-06", "valor": "90", "iditem": 10}}, {"pk": 95, "model": "desarrollo.itematributosvalores", "fields": {"idatributo": 2, "usoactual": true, "version": 2, "enlineabase": true, "creacion": "2014-06-06", "valor": "100", "iditem": 10}}, {"pk": 96, "model": "desarrollo.itematributosvalores", "fields": {"idatributo": 11, "usoactual": true, "version": 2, "enlineabase": true, "creacion": "2014-06-06", "valor": "06/06/2014", "iditem": 10}}, {"pk": 97, "model": "desarrollo.itematributosvalores", "fields": {"idatributo": 12, "usoactual": true, "version": 2, "enlineabase": true, "creacion": "2014-06-06", "valor": "Depende del departamento", "iditem": 10}}, {"pk": 98, "model": "desarrollo.itematributosvalores", "fields": {"idatributo": 2, "usoactual": false, "version": 1, "enlineabase": false, "creacion": "2014-06-06", "valor": "0", "iditem": 9}}, {"pk": 99, "model": "desarrollo.itematributosvalores", "fields": {"idatributo": 11, "usoactual": false, "version": 1, "enlineabase": false, "creacion": "2014-06-06", "valor": "06/06/2014", "iditem": 9}}, {"pk": 100, "model": "desarrollo.itematributosvalores", "fields": {"idatributo": 12, "usoactual": false, "version": 1, "enlineabase": false, "creacion": "2014-06-06", "valor": "--", "iditem": 9}}, {"pk": 101, "model": "desarrollo.itematributosvalores", "fields": {"idatributo": 1, "usoactual": false, "version": 1, "enlineabase": false, "creacion": "2014-06-06", "valor": "70", "iditem": 9}}, {"pk": 102, "model": "desarrollo.itematributosvalores", "fields": {"idatributo": 1, "usoactual": true, "version": 1, "enlineabase": false, "creacion": "2014-06-06", "valor": "100", "iditem": 11}}, {"pk": 103, "model": "desarrollo.itematributosvalores", "fields": {"idatributo": 2, "usoactual": true, "version": 1, "enlineabase": false, "creacion": "2014-06-06", "valor": "100", "iditem": 11}}, {"pk": 104, "model": "desarrollo.itematributosvalores", "fields": {"idatributo": 11, "usoactual": true, "version": 1, "enlineabase": false, "creacion": "2014-06-06", "valor": "06/06/2014", "iditem": 11}}, {"pk": 105, "model": "desarrollo.itematributosvalores", "fields": {"idatributo": 12, "usoactual": true, "version": 1, "enlineabase": false, "creacion": "2014-06-06", "valor": "--", "iditem": 11}}, {"pk": 106, "model": "desarrollo.itematributosvalores", "fields": {"idatributo": 12, "usoactual": false, "version": 2, "enlineabase": true, "creacion": "2014-06-06", "valor": "Ing. Pepin ", "iditem": 9}}, {"pk": 107, "model": "desarrollo.itematributosvalores", "fields": {"idatributo": 11, "usoactual": false, "version": 2, "enlineabase": true, "creacion": "2014-06-06", "valor": "06/06/2014", "iditem": 9}}, {"pk": 108, "model": "desarrollo.itematributosvalores", "fields": {"idatributo": 1, "usoactual": false, "version": 2, "enlineabase": true, "creacion": "2014-06-06", "valor": "70", "iditem": 9}}, {"pk": 109, "model": "desarrollo.itematributosvalores", "fields": {"idatributo": 2, "usoactual": false, "version": 2, "enlineabase": true, "creacion": "2014-06-06", "valor": "100", "iditem": 9}}, {"pk": 110, "model": "desarrollo.itematributosvalores", "fields": {"idatributo": 1, "usoactual": false, "version": 3, "enlineabase": true, "creacion": "2014-06-06", "valor": "90", "iditem": 9}}, {"pk": 111, "model": "desarrollo.itematributosvalores", "fields": {"idatributo": 12, "usoactual": false, "version": 3, "enlineabase": true, "creacion": "2014-06-06", "valor": "Ing. Pepin ", "iditem": 9}}, {"pk": 112, "model": "desarrollo.itematributosvalores", "fields": {"idatributo": 11, "usoactual": false, "version": 3, "enlineabase": true, "creacion": "2014-06-06", "valor": "06/06/2014", "iditem": 9}}, {"pk": 113, "model": "desarrollo.itematributosvalores", "fields": {"idatributo": 2, "usoactual": false, "version": 3, "enlineabase": true, "creacion": "2014-06-06", "valor": "100", "iditem": 9}}, {"pk": 114, "model": "desarrollo.itematributosvalores", "fields": {"idatributo": 1, "usoactual": false, "version": 4, "enlineabase": true, "creacion": "2014-06-06", "valor": "95", "iditem": 9}}, {"pk": 115, "model": "desarrollo.itematributosvalores", "fields": {"idatributo": 12, "usoactual": false, "version": 4, "enlineabase": true, "creacion": "2014-06-06", "valor": "Ing. Pepin ", "iditem": 9}}, {"pk": 116, "model": "desarrollo.itematributosvalores", "fields": {"idatributo": 11, "usoactual": false, "version": 4, "enlineabase": true, "creacion": "2014-06-06", "valor": "06/06/2014", "iditem": 9}}, {"pk": 117, "model": "desarrollo.itematributosvalores", "fields": {"idatributo": 2, "usoactual": false, "version": 4, "enlineabase": true, "creacion": "2014-06-06", "valor": "100", "iditem": 9}}, {"pk": 118, "model": "desarrollo.itematributosvalores", "fields": {"idatributo": 11, "usoactual": false, "version": 1, "enlineabase": true, "creacion": "2014-06-06", "valor": "06/06/2014", "iditem": 10}}, {"pk": 119, "model": "desarrollo.itematributosvalores", "fields": {"idatributo": 1, "usoactual": false, "version": 1, "enlineabase": true, "creacion": "2014-06-06", "valor": "80", "iditem": 10}}, {"pk": 120, "model": "desarrollo.itematributosvalores", "fields": {"idatributo": 2, "usoactual": false, "version": 1, "enlineabase": true, "creacion": "2014-06-06", "valor": "100", "iditem": 10}}, {"pk": 121, "model": "desarrollo.itematributosvalores", "fields": {"idatributo": 12, "usoactual": false, "version": 1, "enlineabase": true, "creacion": "2014-06-06", "valor": "Depende del departamento", "iditem": 10}}, {"pk": 122, "model": "desarrollo.itematributosvalores", "fields": {"idatributo": 1, "usoactual": true, "version": 1, "enlineabase": true, "creacion": "2014-06-07", "valor": "60", "iditem": 12}}, {"pk": 123, "model": "desarrollo.itematributosvalores", "fields": {"idatributo": 2, "usoactual": true, "version": 1, "enlineabase": true, "creacion": "2014-06-07", "valor": "100", "iditem": 12}}, {"pk": 124, "model": "desarrollo.itematributosvalores", "fields": {"idatributo": 10, "usoactual": true, "version": 1, "enlineabase": true, "creacion": "2014-06-07", "valor": "07/06/2014", "iditem": 12}}, {"pk": 125, "model": "desarrollo.itematributosvalores", "fields": {"idatributo": 1, "usoactual": true, "version": 1, "enlineabase": true, "creacion": "2014-06-07", "valor": "76", "iditem": 13}}, {"pk": 126, "model": "desarrollo.itematributosvalores", "fields": {"idatributo": 2, "usoactual": true, "version": 1, "enlineabase": true, "creacion": "2014-06-07", "valor": "90", "iditem": 13}}, {"pk": 127, "model": "desarrollo.itematributosvalores", "fields": {"idatributo": 10, "usoactual": true, "version": 1, "enlineabase": true, "creacion": "2014-06-07", "valor": "07/06/2014", "iditem": 13}}, {"pk": 128, "model": "desarrollo.itematributosvalores", "fields": {"idatributo": 1, "usoactual": true, "version": 1, "enlineabase": true, "creacion": "2014-06-07", "valor": "85", "iditem": 14}}, {"pk": 129, "model": "desarrollo.itematributosvalores", "fields": {"idatributo": 2, "usoactual": true, "version": 1, "enlineabase": true, "creacion": "2014-06-07", "valor": "98", "iditem": 14}}, {"pk": 130, "model": "desarrollo.itematributosvalores", "fields": {"idatributo": 10, "usoactual": true, "version": 1, "enlineabase": true, "creacion": "2014-06-07", "valor": "07/06/2014", "iditem": 14}}, {"pk": 131, "model": "desarrollo.itematributosvalores", "fields": {"idatributo": 1, "usoactual": true, "version": 1, "enlineabase": false, "creacion": "2014-06-07", "valor": "96", "iditem": 15}}, {"pk": 132, "model": "desarrollo.itematributosvalores", "fields": {"idatributo": 2, "usoactual": true, "version": 1, "enlineabase": false, "creacion": "2014-06-07", "valor": "100", "iditem": 15}}, {"pk": 133, "model": "desarrollo.itematributosvalores", "fields": {"idatributo": 13, "usoactual": true, "version": 1, "enlineabase": false, "creacion": "2014-06-07", "valor": "07/06/2014", "iditem": 15}}, {"pk": 4, "model": "desarrollo.itemrelacion", "fields": {"estado": "ACT", "destino": 2, "origen": 1, "tipo": "I"}}, {"pk": 6, "model": "desarrollo.itemrelacion", "fields": {"estado": "ACT", "destino": 4, "origen": 3, "tipo": "I"}}, {"pk": 7, "model": "desarrollo.itemrelacion", "fields": {"estado": "ACT", "destino": 3, "origen": 2, "tipo": "I"}}, {"pk": 8, "model": "desarrollo.itemrelacion", "fields": {"estado": "ACT", "destino": 5, "origen": 4, "tipo": "E"}}, {"pk": 9, "model": "desarrollo.itemrelacion", "fields": {"estado": "ACT", "destino": 6, "origen": 5, "tipo": "I"}}, {"pk": 11, "model": "desarrollo.itemrelacion", "fields": {"estado": "ACT", "destino": 7, "origen": 6, "tipo": "I"}}, {"pk": 12, "model": "desarrollo.itemrelacion", "fields": {"estado": "ACT", "destino": 7, "origen": 5, "tipo": "I"}}, {"pk": 13, "model": "desarrollo.itemrelacion", "fields": {"estado": "ACT", "destino": 8, "origen": 7, "tipo": "E"}}, {"pk": 14, "model": "desarrollo.itemrelacion", "fields": {"estado": "ACT", "destino": 8, "origen": 6, "tipo": "E"}}, {"pk": 17, "model": "desarrollo.itemrelacion", "fields": {"estado": "ACT", "destino": 11, "origen": 10, "tipo": "I"}}, {"pk": 18, "model": "desarrollo.itemrelacion", "fields": {"estado": "ACT", "destino": 10, "origen": 9, "tipo": "I"}}, {"pk": 19, "model": "desarrollo.itemrelacion", "fields": {"estado": "ACT", "destino": 13, "origen": 12, "tipo": "I"}}, {"pk": 20, "model": "desarrollo.itemrelacion", "fields": {"estado": "ACT", "destino": 14, "origen": 13, "tipo": "I"}}, {"pk": 21, "model": "desarrollo.itemrelacion", "fields": {"estado": "ACT", "destino": 12, "origen": 8, "tipo": "I"}}, {"pk": 1, "model": "gestcambio.lineabase", "fields": {"descripcion": "linea base 1", "fechacreacion": "2014-05-16", "items": [1, 2], "fase": 1}}, {"pk": 2, "model": "gestcambio.lineabase", "fields": {"descripcion": "linea base 2", "fechacreacion": "2014-05-16", "items": [3, 4], "fase": 1}}, {"pk": 3, "model": "gestcambio.lineabase", "fields": {"descripcion": "contratacion de personal 1", "fechacreacion": "2014-05-24", "items": [5, 6], "fase": 3}}, {"pk": 4, "model": "gestcambio.lineabase", "fields": {"descripcion": "item faltante en lb fase contratacion", "fechacreacion": "2014-06-03", "items": [7], "fase": 3}}, {"pk": 5, "model": "gestcambio.lineabase", "fields": {"descripcion": "autenticacion", "fechacreacion": "2014-06-03", "items": [8], "fase": 4}}, {"pk": 6, "model": "gestcambio.lineabase", "fields": {"descripcion": "entrevistas_nivel1", "fechacreacion": "2014-06-06", "items": [9, 10], "fase": 5}}, {"pk": 7, "model": "gestcambio.lineabase", "fields": {"descripcion": "capa de seguridad ", "fechacreacion": "2014-06-07", "items": [12, 13, 14], "fase": 4}}, {"pk": 6, "model": "gestcambio.solicitudvoto", "fields": {"fechavoto": "2014-05-24", "aprobado": true, "miembro": 3, "solicitud": 1}}, {"pk": 8, "model": "gestcambio.solicitudvoto", "fields": {"fechavoto": "2014-05-24", "aprobado": false, "miembro": 3, "solicitud": 3}}, {"pk": 10, "model": "gestcambio.solicitudvoto", "fields": {"fechavoto": "2014-05-24", "aprobado": true, "miembro": 3, "solicitud": 5}}, {"pk": 12, "model": "gestcambio.solicitudvoto", "fields": {"fechavoto": "2014-05-31", "aprobado": false, "miembro": 6, "solicitud": 5}}, {"pk": 14, "model": "gestcambio.solicitudvoto", "fields": {"fechavoto": "2014-06-03", "aprobado": true, "miembro": 6, "solicitud": 8}}, {"pk": 15, "model": "gestcambio.solicitudvoto", "fields": {"fechavoto": "2014-06-03", "aprobado": true, "miembro": 3, "solicitud": 8}}, {"pk": 16, "model": "gestcambio.solicitudvoto", "fields": {"fechavoto": "2014-06-03", "aprobado": true, "miembro": 3, "solicitud": 9}}, {"pk": 17, "model": "gestcambio.solicitudvoto", "fields": {"fechavoto": "2014-06-03", "aprobado": true, "miembro": 6, "solicitud": 9}}, {"pk": 19, "model": "gestcambio.solicitudvoto", "fields": {"fechavoto": "2014-06-03", "aprobado": true, "miembro": 3, "solicitud": 10}}, {"pk": 21, "model": "gestcambio.solicitudvoto", "fields": {"fechavoto": "2014-06-03", "aprobado": false, "miembro": 6, "solicitud": 10}}, {"pk": 22, "model": "gestcambio.solicitudvoto", "fields": {"fechavoto": "2014-06-06", "aprobado": true, "miembro": 7, "solicitud": 11}}, {"pk": 23, "model": "gestcambio.solicitudvoto", "fields": {"fechavoto": "2014-06-06", "aprobado": true, "miembro": 8, "solicitud": 11}}, {"pk": 24, "model": "gestcambio.solicitudvoto", "fields": {"fechavoto": "2014-06-06", "aprobado": false, "miembro": 9, "solicitud": 11}}, {"pk": 25, "model": "gestcambio.solicitudvoto", "fields": {"fechavoto": "2014-06-06", "aprobado": true, "miembro": 7, "solicitud": 12}}, {"pk": 26, "model": "gestcambio.solicitudvoto", "fields": {"fechavoto": "2014-06-06", "aprobado": false, "miembro": 8, "solicitud": 12}}, {"pk": 27, "model": "gestcambio.solicitudvoto", "fields": {"fechavoto": "2014-06-06", "aprobado": true, "miembro": 9, "solicitud": 12}}, {"pk": 28, "model": "gestcambio.solicitudvoto", "fields": {"fechavoto": "2014-06-07", "aprobado": true, "miembro": 3, "solicitud": 13}}, {"pk": 1, "model": "auth.permission", "fields": {"codename": "add_logentry", "name": "Can add log entry", "content_type": 1}}, {"pk": 2, "model": "auth.permission", "fields": {"codename": "change_logentry", "name": "Can change log entry", "content_type": 1}}, {"pk": 3, "model": "auth.permission", "fields": {"codename": "delete_logentry", "name": "Can delete log entry", "content_type": 1}}, {"pk": 4, "model": "auth.permission", "fields": {"codename": "add_proyecto", "name": "Can add proyecto", "content_type": 2}}, {"pk": 5, "model": "auth.permission", "fields": {"codename": "change_proyecto", "name": "Can change proyecto", "content_type": 2}}, {"pk": 6, "model": "auth.permission", "fields": {"codename": "delete_proyecto", "name": "Can delete proyecto", "content_type": 2}}, {"pk": 7, "model": "auth.permission", "fields": {"codename": "add_fase", "name": "Can add fase", "content_type": 3}}, {"pk": 8, "model": "auth.permission", "fields": {"codename": "change_fase", "name": "Can change fase", "content_type": 3}}, {"pk": 9, "model": "auth.permission", "fields": {"codename": "delete_fase", "name": "Can delete fase", "content_type": 3}}, {"pk": 10, "model": "auth.permission", "fields": {"codename": "add_rolproyecto", "name": "Can add rol proyecto", "content_type": 4}}, {"pk": 11, "model": "auth.permission", "fields": {"codename": "change_rolproyecto", "name": "Can change rol proyecto", "content_type": 4}}, {"pk": 12, "model": "auth.permission", "fields": {"codename": "delete_rolproyecto", "name": "Can delete rol proyecto", "content_type": 4}}, {"pk": 13, "model": "auth.permission", "fields": {"codename": "add_rolfases", "name": "Can add rol fases", "content_type": 5}}, {"pk": 14, "model": "auth.permission", "fields": {"codename": "change_rolfases", "name": "Can change rol fases", "content_type": 5}}, {"pk": 15, "model": "auth.permission", "fields": {"codename": "delete_rolfases", "name": "Can delete rol fases", "content_type": 5}}, {"pk": 16, "model": "auth.permission", "fields": {"codename": "add_permission", "name": "Can add permission", "content_type": 6}}, {"pk": 17, "model": "auth.permission", "fields": {"codename": "change_permission", "name": "Can change permission", "content_type": 6}}, {"pk": 18, "model": "auth.permission", "fields": {"codename": "delete_permission", "name": "Can delete permission", "content_type": 6}}, {"pk": 19, "model": "auth.permission", "fields": {"codename": "add_group", "name": "Can add group", "content_type": 7}}, {"pk": 20, "model": "auth.permission", "fields": {"codename": "change_group", "name": "Can change group", "content_type": 7}}, {"pk": 21, "model": "auth.permission", "fields": {"codename": "delete_group", "name": "Can delete group", "content_type": 7}}, {"pk": 22, "model": "auth.permission", "fields": {"codename": "add_user", "name": "Can add user", "content_type": 8}}, {"pk": 23, "model": "auth.permission", "fields": {"codename": "change_user", "name": "Can change user", "content_type": 8}}, {"pk": 24, "model": "auth.permission", "fields": {"codename": "delete_user", "name": "Can delete user", "content_type": 8}}, {"pk": 25, "model": "auth.permission", "fields": {"codename": "add_contenttype", "name": "Can add content type", "content_type": 9}}, {"pk": 26, "model": "auth.permission", "fields": {"codename": "change_contenttype", "name": "Can change content type", "content_type": 9}}, {"pk": 27, "model": "auth.permission", "fields": {"codename": "delete_contenttype", "name": "Can delete content type", "content_type": 9}}, {"pk": 28, "model": "auth.permission", "fields": {"codename": "add_session", "name": "Can add session", "content_type": 10}}, {"pk": 29, "model": "auth.permission", "fields": {"codename": "change_session", "name": "Can change session", "content_type": 10}}, {"pk": 30, "model": "auth.permission", "fields": {"codename": "delete_session", "name": "Can delete session", "content_type": 10}}, {"pk": 31, "model": "auth.permission", "fields": {"codename": "add_itemtipos", "name": "Can add item tipos", "content_type": 11}}, {"pk": 32, "model": "auth.permission", "fields": {"codename": "change_itemtipos", "name": "Can change item tipos", "content_type": 11}}, {"pk": 33, "model": "auth.permission", "fields": {"codename": "delete_itemtipos", "name": "Can delete item tipos", "content_type": 11}}, {"pk": 34, "model": "auth.permission", "fields": {"codename": "add_itematributos", "name": "Can add item atributos", "content_type": 12}}, {"pk": 35, "model": "auth.permission", "fields": {"codename": "change_itematributos", "name": "Can change item atributos", "content_type": 12}}, {"pk": 36, "model": "auth.permission", "fields": {"codename": "delete_itematributos", "name": "Can delete item atributos", "content_type": 12}}, {"pk": 37, "model": "auth.permission", "fields": {"codename": "add_item", "name": "Can add item", "content_type": 13}}, {"pk": 38, "model": "auth.permission", "fields": {"codename": "change_item", "name": "Can change item", "content_type": 13}}, {"pk": 39, "model": "auth.permission", "fields": {"codename": "delete_item", "name": "Can delete item", "content_type": 13}}, {"pk": 40, "model": "auth.permission", "fields": {"codename": "add_itematributosvalores", "name": "Can add item atributos valores", "content_type": 14}}, {"pk": 41, "model": "auth.permission", "fields": {"codename": "change_itematributosvalores", "name": "Can change item atributos valores", "content_type": 14}}, {"pk": 42, "model": "auth.permission", "fields": {"codename": "delete_itematributosvalores", "name": "Can delete item atributos valores", "content_type": 14}}, {"pk": 43, "model": "auth.permission", "fields": {"codename": "add_itemrelacion", "name": "Can add item relacion", "content_type": 15}}, {"pk": 44, "model": "auth.permission", "fields": {"codename": "change_itemrelacion", "name": "Can change item relacion", "content_type": 15}}, {"pk": 45, "model": "auth.permission", "fields": {"codename": "delete_itemrelacion", "name": "Can delete item relacion", "content_type": 15}}, {"pk": 46, "model": "auth.permission", "fields": {"codename": "add_itemadjuntos", "name": "Can add item adjuntos", "content_type": 16}}, {"pk": 47, "model": "auth.permission", "fields": {"codename": "change_itemadjuntos", "name": "Can change item adjuntos", "content_type": 16}}, {"pk": 48, "model": "auth.permission", "fields": {"codename": "delete_itemadjuntos", "name": "Can delete item adjuntos", "content_type": 16}}, {"pk": 49, "model": "auth.permission", "fields": {"codename": "add_comiteproyecto", "name": "Can add comite proyecto", "content_type": 17}}, {"pk": 50, "model": "auth.permission", "fields": {"codename": "change_comiteproyecto", "name": "Can change comite proyecto", "content_type": 17}}, {"pk": 51, "model": "auth.permission", "fields": {"codename": "delete_comiteproyecto", "name": "Can delete comite proyecto", "content_type": 17}}, {"pk": 52, "model": "auth.permission", "fields": {"codename": "add_lineabase", "name": "Can add linea base", "content_type": 18}}, {"pk": 53, "model": "auth.permission", "fields": {"codename": "change_lineabase", "name": "Can change linea base", "content_type": 18}}, {"pk": 54, "model": "auth.permission", "fields": {"codename": "delete_lineabase", "name": "Can delete linea base", "content_type": 18}}, {"pk": 55, "model": "auth.permission", "fields": {"codename": "add_solicitudcambio", "name": "Can add solicitud cambio", "content_type": 19}}, {"pk": 56, "model": "auth.permission", "fields": {"codename": "change_solicitudcambio", "name": "Can change solicitud cambio", "content_type": 19}}, {"pk": 57, "model": "auth.permission", "fields": {"codename": "delete_solicitudcambio", "name": "Can delete solicitud cambio", "content_type": 19}}, {"pk": 58, "model": "auth.permission", "fields": {"codename": "add_cambiotipos", "name": "Can add cambio tipos", "content_type": 20}}, {"pk": 59, "model": "auth.permission", "fields": {"codename": "change_cambiotipos", "name": "Can change cambio tipos", "content_type": 20}}, {"pk": 60, "model": "auth.permission", "fields": {"codename": "delete_cambiotipos", "name": "Can delete cambio tipos", "content_type": 20}}, {"pk": 61, "model": "auth.permission", "fields": {"codename": "add_solicitudvoto", "name": "Can add solicitud voto", "content_type": 21}}, {"pk": 62, "model": "auth.permission", "fields": {"codename": "change_solicitudvoto", "name": "Can change solicitud voto", "content_type": 21}}, {"pk": 63, "model": "auth.permission", "fields": {"codename": "delete_solicitudvoto", "name": "Can delete solicitud voto", "content_type": 21}}, {"pk": 142, "model": "auth.permission", "fields": {"codename": "usuario_crear", "name": "Crear Usuario", "content_type": 8}}, {"pk": 143, "model": "auth.permission", "fields": {"codename": "usuario_modif", "name": "Modificar datos del usuario", "content_type": 8}}, {"pk": 144, "model": "auth.permission", "fields": {"codename": "usuario_elim", "name": "Eliminar usuario", "content_type": 8}}, {"pk": 145, "model": "auth.permission", "fields": {"codename": "rol_crear", "name": "Crear Rol", "content_type": 8}}, {"pk": 146, "model": "auth.permission", "fields": {"codename": "rol_elim", "name": "Eliminar Rol", "content_type": 8}}, {"pk": 147, "model": "auth.permission", "fields": {"codename": "rol_modif", "name": "Modificar Rol", "content_type": 8}}, {"pk": 148, "model": "auth.permission", "fields": {"codename": "rol_asignar", "name": "Asignar Rol", "content_type": 8}}, {"pk": 149, "model": "auth.permission", "fields": {"codename": "proyecto_crear", "name": "Crear Proyecto", "content_type": 8}}, {"pk": 150, "model": "auth.permission", "fields": {"codename": "proyecto_modif", "name": "Modificar Proyecto", "content_type": 2}}, {"pk": 151, "model": "auth.permission", "fields": {"codename": "proyecto_elim", "name": "Eliminar Proyecto", "content_type": 2}}, {"pk": 152, "model": "auth.permission", "fields": {"codename": "proyecto_iniciar", "name": "Iniciar Proyecto", "content_type": 2}}, {"pk": 153, "model": "auth.permission", "fields": {"codename": "fase_crear", "name": "Crear Fase", "content_type": 2}}, {"pk": 154, "model": "auth.permission", "fields": {"codename": "relacion_crear", "name": "Relacionar items", "content_type": 2}}, {"pk": 155, "model": "auth.permission", "fields": {"codename": "relacion_elim", "name": "Eliminar relaciones entre items", "content_type": 2}}, {"pk": 156, "model": "auth.permission", "fields": {"codename": "comite_gest", "name": "Gestionar comite de cambios", "content_type": 2}}, {"pk": 157, "model": "auth.permission", "fields": {"codename": "fase_modif", "name": "Modificar Fase", "content_type": 3}}, {"pk": 158, "model": "auth.permission", "fields": {"codename": "fase_elim", "name": "Eliminar Fase", "content_type": 3}}, {"pk": 159, "model": "auth.permission", "fields": {"codename": "fase_finalizar", "name": "Finalizar Fase", "content_type": 3}}, {"pk": 160, "model": "auth.permission", "fields": {"codename": "tipoitem_gestion", "name": "Gestionar tipos de item", "content_type": 3}}, {"pk": 161, "model": "auth.permission", "fields": {"codename": "item_crear", "name": "Crear Item", "content_type": 3}}, {"pk": 162, "model": "auth.permission", "fields": {"codename": "item_modif", "name": "Modificar Item", "content_type": 3}}, {"pk": 163, "model": "auth.permission", "fields": {"codename": "item_elim", "name": "Eliminar Item", "content_type": 3}}, {"pk": 164, "model": "auth.permission", "fields": {"codename": "item_revivir", "name": "Revivir Item", "content_type": 3}}, {"pk": 165, "model": "auth.permission", "fields": {"codename": "item_revertir", "name": "Revertir version de Item", "content_type": 3}}, {"pk": 166, "model": "auth.permission", "fields": {"codename": "item_adjuntos", "name": "Gestionar adjuntos del Item", "content_type": 3}}, {"pk": 167, "model": "auth.permission", "fields": {"codename": "lineabase_crear", "name": "Crear Linea Base", "content_type": 3}}, {"pk": 168, "model": "auth.permission", "fields": {"codename": "solicitud_gest", "name": "Crear, modificar y eliminar Solicitud de Cambio", "content_type": 3}}, {"pk": 1, "model": "auth.group", "fields": {"name": "super_admin", "permissions": [158, 159, 157, 166, 161, 163, 162, 165, 164, 167, 168, 160, 156, 153, 151, 152, 150, 154, 155, 149, 148, 145, 146, 147, 142, 144, 143]}}, {"pk": 2, "model": "auth.group", "fields": {"name": "responsable_fase", "permissions": [159, 157, 166, 161, 163, 162, 165, 164, 167, 168, 160, 154, 155]}}, {"pk": 1, "model": "auth.user", "fields": {"username": "admin", "first_name": "", "last_name": "", "is_active": true, "is_superuser": true, "is_staff": true, "last_login": "2014-06-07T05:25:36.983Z", "groups": [], "user_permissions": [], "password": "pbkdf2_sha256$12000$qeUZdAYdRPCt$Kzl/2cSoHOPfMwCgCKgy084NiKQGxL1aPYCWmRliF9A=", "email": "admin@admin.com", "date_joined": "2014-05-16T18:47:14.721Z"}}, {"pk": 2, "model": "auth.user", "fields": {"username": "nelson", "first_name": "Nelson Luis ", "last_name": "Dura\u00f1ona", "is_active": true, "is_superuser": false, "is_staff": false, "last_login": "2014-06-07T05:24:16.129Z", "groups": [], "user_permissions": [], "password": "pbkdf2_sha256$12000$qpZMh2ulPXjz$/8L8RZXLC7bn1+z5wv6hHYf3CbL8ArBrZ54uUR0qRMM=", "email": "nelson@nelson.com", "date_joined": "2014-05-17T04:22:24.285Z"}}, {"pk": 3, "model": "auth.user", "fields": {"username": "ariel", "first_name": "ariel", "last_name": "ariel mendez", "is_active": true, "is_superuser": false, "is_staff": false, "last_login": "2014-06-07T05:21:18.787Z", "groups": [], "user_permissions": [], "password": "pbkdf2_sha256$12000$YoVSWirx13Wy$VeFjvP83QdjJZVwr2iRBxKFezUTVzgDxcbrzbxTzoF8=", "email": "ariel@ariel.com", "date_joined": "2014-05-17T11:32:43.734Z"}}, {"pk": 4, "model": "auth.user", "fields": {"username": "fabiana", "first_name": "fabiana ", "last_name": "romero", "is_active": true, "is_superuser": false, "is_staff": false, "last_login": "2014-06-06T22:30:10.377Z", "groups": [], "user_permissions": [], "password": "pbkdf2_sha256$12000$3hmwHr4ysbUU$nXBtlzXCRwHLbyY9snNyGtxOW+zf6ObNruvoP8pwDiE=", "email": "fabiana@fabiana.com", "date_joined": "2014-05-24T12:28:08.603Z"}}, {"pk": 1, "model": "admin.rolproyecto", "fields": {"proyecto": 1, "rol": 1, "usuario": 1}}, {"pk": 2, "model": "admin.rolproyecto", "fields": {"proyecto": 1, "rol": 2, "usuario": 2}}, {"pk": 3, "model": "admin.rolproyecto", "fields": {"proyecto": 1, "rol": 2, "usuario": 3}}, {"pk": 4, "model": "admin.rolproyecto", "fields": {"proyecto": 1, "rol": 2, "usuario": 4}}, {"pk": 5, "model": "admin.rolproyecto", "fields": {"proyecto": 2, "rol": 2, "usuario": 2}}, {"pk": 6, "model": "admin.rolproyecto", "fields": {"proyecto": 2, "rol": 1, "usuario": 1}}, {"pk": 7, "model": "admin.rolproyecto", "fields": {"proyecto": 2, "rol": 2, "usuario": 4}}, {"pk": 8, "model": "admin.rolproyecto", "fields": {"proyecto": 2, "rol": 2, "usuario": 3}}, {"pk": 10, "model": "admin.rolproyecto", "fields": {"proyecto": 3, "rol": 1, "usuario": 2}}, {"pk": 3, "model": "gestcambio.comiteproyecto", "fields": {"proyecto": 1, "incorporacion": "2014-05-23", "usuario": 2}}, {"pk": 6, "model": "gestcambio.comiteproyecto", "fields": {"proyecto": 1, "incorporacion": "2014-05-24", "usuario": 3}}, {"pk": 7, "model": "gestcambio.comiteproyecto", "fields": {"proyecto": 2, "incorporacion": "2014-06-06", "usuario": 2}}, {"pk": 8, "model": "gestcambio.comiteproyecto", "fields": {"proyecto": 2, "incorporacion": "2014-06-06", "usuario": 4}}, {"pk": 9, "model": "gestcambio.comiteproyecto", "fields": {"proyecto": 2, "incorporacion": "2014-06-06", "usuario": 3}}, {"pk": 10, "model": "gestcambio.comiteproyecto", "fields": {"proyecto": 1, "incorporacion": "2014-06-07", "usuario": 4}}, {"pk": 1, "model": "gestcambio.solicitudcambio", "fields": {"items": [1, 2], "fecha_creacion": "2014-06-01", "fecha_aprobacion": "2014-05-24", "lineabase": 1, "solicitante": 1, "estado": "TER", "comentarios": "la entrevista no cubrio algunos aspectos"}}, {"pk": 3, "model": "gestcambio.solicitudcambio", "fields": {"items": [5], "fecha_creacion": "2014-06-01", "fecha_aprobacion": "2014-05-24", "lineabase": 3, "solicitante": 1, "estado": "TER", "comentarios": "el tiempo de seleccion debe ser mayor"}}, {"pk": 5, "model": "gestcambio.solicitudcambio", "fields": {"items": [5], "fecha_creacion": "2014-06-01", "fecha_aprobacion": "2014-05-31", "lineabase": 3, "solicitante": 1, "estado": "TER", "comentarios": "cambio para el primer item"}}, {"pk": 7, "model": "gestcambio.solicitudcambio", "fields": {"items": [6], "fecha_creacion": "2014-06-01", "fecha_aprobacion": null, "lineabase": 3, "solicitante": 1, "estado": "BOR", "comentarios": "contrat. de programadores "}}, {"pk": 8, "model": "gestcambio.solicitudcambio", "fields": {"items": [7], "fecha_creacion": "2014-06-03", "fecha_aprobacion": "2014-06-03", "lineabase": 4, "solicitante": 2, "estado": "TER", "comentarios": "se requiere revisiones sobre el \u00edttem"}}, {"pk": 9, "model": "gestcambio.solicitudcambio", "fields": {"items": [7], "fecha_creacion": "2014-06-03", "fecha_aprobacion": "2014-06-03", "lineabase": 4, "solicitante": 2, "estado": "TER", "comentarios": "solicitud de cambio testers "}}, {"pk": 10, "model": "gestcambio.solicitudcambio", "fields": {"items": [8], "fecha_creacion": "2014-06-03", "fecha_aprobacion": "2014-06-03", "lineabase": 5, "solicitante": 2, "estado": "TER", "comentarios": "sol_1 autenticacion"}}, {"pk": 11, "model": "gestcambio.solicitudcambio", "fields": {"items": [9], "fecha_creacion": "2014-06-06", "fecha_aprobacion": "2014-06-06", "lineabase": 6, "solicitante": 2, "estado": "TER", "comentarios": "debe incrementarse la complejidad del la entrevista al gerente"}}, {"pk": 12, "model": "gestcambio.solicitudcambio", "fields": {"items": [9, 10], "fecha_creacion": "2014-06-06", "fecha_aprobacion": "2014-06-06", "lineabase": 6, "solicitante": 2, "estado": "TER", "comentarios": "revision de formularios de entrevistas"}}, {"pk": 13, "model": "gestcambio.solicitudcambio", "fields": {"items": [12, 13], "fecha_creacion": "2014-06-07", "fecha_aprobacion": null, "lineabase": 7, "solicitante": 2, "estado": "ENV", "comentarios": "revision de lista de permisos y roles"}}, {"pk": 1, "model": "admin.rolproyecto", "fields": {"proyecto": 1, "rol": 1, "usuario": 1}}, {"pk": 2, "model": "admin.rolproyecto", "fields": {"proyecto": 1, "rol": 2, "usuario": 2}}, {"pk": 3, "model": "admin.rolproyecto", "fields": {"proyecto": 1, "rol": 2, "usuario": 3}}, {"pk": 4, "model": "admin.rolproyecto", "fields": {"proyecto": 1, "rol": 2, "usuario": 4}}, {"pk": 5, "model": "admin.rolproyecto", "fields": {"proyecto": 2, "rol": 2, "usuario": 2}}, {"pk": 6, "model": "admin.rolproyecto", "fields": {"proyecto": 2, "rol": 1, "usuario": 1}}, {"pk": 7, "model": "admin.rolproyecto", "fields": {"proyecto": 2, "rol": 2, "usuario": 4}}, {"pk": 8, "model": "admin.rolproyecto", "fields": {"proyecto": 2, "rol": 2, "usuario": 3}}, {"pk": 10, "model": "admin.rolproyecto", "fields": {"proyecto": 3, "rol": 1, "usuario": 2}}]