[{"pk": 1, "model": "admin.proyecto", "fields": {"descripcion": "sistema de Gestion para Plus S.A.", "nombre": "Software PLUS S.A.", "estado": "", "fechainicio": null, "fechafin": null}}, {"pk": 1, "model": "admin.fase", "fields": {"descripcion": "Relevamiento de datos", "nombre": "Relevamiento de datos", "idproyecto": 1, "estado": "FIN", "fechacreacion": "2014-05-16"}}, {"pk": 3, "model": "admin.fase", "fields": {"descripcion": "Contratacion de personal", "nombre": "Contratacion de personal", "idproyecto": 1, "estado": "DES", "fechacreacion": "2014-05-17"}}, {"pk": 1, "model": "admin.rolfases", "fields": {"rolproyecto": 1, "fase": 1}}, {"pk": 3, "model": "admin.rolfases", "fields": {"rolproyecto": 2, "fase": 3}}, {"pk": 1, "model": "contenttypes.contenttype", "fields": {"model": "logentry", "name": "log entry", "app_label": "admin"}}, {"pk": 2, "model": "contenttypes.contenttype", "fields": {"model": "proyecto", "name": "proyecto", "app_label": "admin"}}, {"pk": 3, "model": "contenttypes.contenttype", "fields": {"model": "fase", "name": "fase", "app_label": "admin"}}, {"pk": 4, "model": "contenttypes.contenttype", "fields": {"model": "rolproyecto", "name": "rol proyecto", "app_label": "admin"}}, {"pk": 5, "model": "contenttypes.contenttype", "fields": {"model": "rolfases", "name": "rol fases", "app_label": "admin"}}, {"pk": 6, "model": "contenttypes.contenttype", "fields": {"model": "permission", "name": "permission", "app_label": "auth"}}, {"pk": 7, "model": "contenttypes.contenttype", "fields": {"model": "group", "name": "group", "app_label": "auth"}}, {"pk": 8, "model": "contenttypes.contenttype", "fields": {"model": "user", "name": "user", "app_label": "auth"}}, {"pk": 9, "model": "contenttypes.contenttype", "fields": {"model": "contenttype", "name": "content type", "app_label": "contenttypes"}}, {"pk": 10, "model": "contenttypes.contenttype", "fields": {"model": "session", "name": "session", "app_label": "sessions"}}, {"pk": 11, "model": "contenttypes.contenttype", "fields": {"model": "itemtipos", "name": "item tipos", "app_label": "desarrollo"}}, {"pk": 12, "model": "contenttypes.contenttype", "fields": {"model": "itematributos", "name": "item atributos", "app_label": "desarrollo"}}, {"pk": 13, "model": "contenttypes.contenttype", "fields": {"model": "item", "name": "item", "app_label": "desarrollo"}}, {"pk": 14, "model": "contenttypes.contenttype", "fields": {"model": "itematributosvalores", "name": "item atributos valores", "app_label": "desarrollo"}}, {"pk": 15, "model": "contenttypes.contenttype", "fields": {"model": "itemrelacion", "name": "item relacion", "app_label": "desarrollo"}}, {"pk": 16, "model": "contenttypes.contenttype", "fields": {"model": "itemadjuntos", "name": "item adjuntos", "app_label": "desarrollo"}}, {"pk": 17, "model": "contenttypes.contenttype", "fields": {"model": "comiteproyecto", "name": "comite proyecto", "app_label": "gestcambio"}}, {"pk": 18, "model": "contenttypes.contenttype", "fields": {"model": "lineabase", "name": "linea base", "app_label": "gestcambio"}}, {"pk": 19, "model": "contenttypes.contenttype", "fields": {"model": "solicitudcambio", "name": "solicitud cambio", "app_label": "gestcambio"}}, {"pk": 20, "model": "contenttypes.contenttype", "fields": {"model": "cambiotipos", "name": "cambio tipos", "app_label": "gestcambio"}}, {"pk": "031qungndzcujdtltt92tcejnfv7td33", "model": "sessions.session", "fields": {"expire_date": "2014-05-30T18:47:22.493Z", "session_data": "ZDQ3ZWU3ODQ3ZjlmMWExZjA2N2NjMmM0ZjQ3ZTE0ZGI5YWIwOTg0Yzp7fQ=="}}, {"pk": "7vj20iatv8x5me070u0zk1y5msfbbooh", "model": "sessions.session", "fields": {"expire_date": "2014-05-30T21:27:01.498Z", "session_data": "YmE5NWNhNWM2NTJhMWZjNTcxZGYxYjdlYTZlMWE3ODJhYzdhYTY5ZTp7ImlkcHJveWVjdG8iOiIxIiwiaWRmYXNlIjpudWxsLCJfYXV0aF91c2VyX2JhY2tlbmQiOiJkamFuZ28uY29udHJpYi5hdXRoLmJhY2tlbmRzLk1vZGVsQmFja2VuZCIsIl9hdXRoX3VzZXJfaWQiOjF9"}}, {"pk": "c1ibn9tf0twfc3wai7iknb0onw8ke0g5", "model": "sessions.session", "fields": {"expire_date": "2014-05-30T19:31:59.490Z", "session_data": "NjBiNmQ2ODk0MjdkNDc2YmE5MzBhNjFkYjA5YWM3NzlmZDJmOTkzYTp7ImlkcHJveWVjdG8iOiIxIiwiaWRmYXNlIjpudWxsLCJfYXV0aF91c2VyX2lkIjoxLCJfYXV0aF91c2VyX2JhY2tlbmQiOiJkamFuZ28uY29udHJpYi5hdXRoLmJhY2tlbmRzLk1vZGVsQmFja2VuZCJ9"}}, {"pk": "dfmxx5u8lzg3prrfn7o0irt6143s3ndf", "model": "sessions.session", "fields": {"expire_date": "2014-05-30T19:59:21.061Z", "session_data": "ZDQ3ZWU3ODQ3ZjlmMWExZjA2N2NjMmM0ZjQ3ZTE0ZGI5YWIwOTg0Yzp7fQ=="}}, {"pk": "fufvmyz5atg4xrnu7cvuwznzdoemyh0i", "model": "sessions.session", "fields": {"expire_date": "2014-05-30T20:54:01.282Z", "session_data": "MWRlOGUxZjU1Y2EzNDFiZDRlNGVmMTlmY2Y4ZDUzNTY0NGVlYzE0Mzp7ImlkcHJveWVjdG8iOiIxIiwiaWRmYXNlIjoiMSIsIl9hdXRoX3VzZXJfaWQiOjEsIl9hdXRoX3VzZXJfYmFja2VuZCI6ImRqYW5nby5jb250cmliLmF1dGguYmFja2VuZHMuTW9kZWxCYWNrZW5kIn0="}}, {"pk": "gf0akhngbum42j30q30nq0ple7s94l29", "model": "sessions.session", "fields": {"expire_date": "2014-05-31T04:25:45.005Z", "session_data": "MzU1Yjg2YzU3ZGNiMGVhNGE2MzkwNTNiNzFiYjc1ZWYwYjNjYTBmZDp7ImlkcHJveWVjdG8iOiIxIiwiaWRmYXNlIjoiMyIsIl9hdXRoX3VzZXJfaWQiOjIsIl9hdXRoX3VzZXJfYmFja2VuZCI6ImRqYW5nby5jb250cmliLmF1dGguYmFja2VuZHMuTW9kZWxCYWNrZW5kIn0="}}, {"pk": "igzfnvusx9i2pq2pqsnsjctrqqcirgyu", "model": "sessions.session", "fields": {"expire_date": "2014-05-31T04:50:09.182Z", "session_data": "NjBiNmQ2ODk0MjdkNDc2YmE5MzBhNjFkYjA5YWM3NzlmZDJmOTkzYTp7ImlkcHJveWVjdG8iOiIxIiwiaWRmYXNlIjpudWxsLCJfYXV0aF91c2VyX2lkIjoxLCJfYXV0aF91c2VyX2JhY2tlbmQiOiJkamFuZ28uY29udHJpYi5hdXRoLmJhY2tlbmRzLk1vZGVsQmFja2VuZCJ9"}}, {"pk": "rb1a3zmwayg3ex32h49ll9eydi26vsqt", "model": "sessions.session", "fields": {"expire_date": "2014-05-30T18:47:34.941Z", "session_data": "Y2Q4M2NlMzdkNGY1ODZkYmE5OGZjYjY5MDBlNzQxN2NhMTQ0MTgyMDp7Il9hdXRoX3VzZXJfYmFja2VuZCI6ImRqYW5nby5jb250cmliLmF1dGguYmFja2VuZHMuTW9kZWxCYWNrZW5kIiwiX2F1dGhfdXNlcl9pZCI6MX0="}}, {"pk": "zpmvhx3sh87css7did04v7maxmvtqkkn", "model": "sessions.session", "fields": {"expire_date": "2014-05-30T18:47:27.087Z", "session_data": "ZDQ3ZWU3ODQ3ZjlmMWExZjA2N2NjMmM0ZjQ3ZTE0ZGI5YWIwOTg0Yzp7fQ=="}}, {"pk": "zta50hjlhwtfev20n6bhtr28sj9ac7ok", "model": "sessions.session", "fields": {"expire_date": "2014-05-30T21:25:31.737Z", "session_data": "NjBiNmQ2ODk0MjdkNDc2YmE5MzBhNjFkYjA5YWM3NzlmZDJmOTkzYTp7ImlkcHJveWVjdG8iOiIxIiwiaWRmYXNlIjpudWxsLCJfYXV0aF91c2VyX2lkIjoxLCJfYXV0aF91c2VyX2JhY2tlbmQiOiJkamFuZ28uY29udHJpYi5hdXRoLmJhY2tlbmRzLk1vZGVsQmFja2VuZCJ9"}}, {"pk": 1, "model": "admin.proyecto", "fields": {"descripcion": "sistema de Gestion para Plus S.A.", "nombre": "Software PLUS S.A.", "estado": "", "fechainicio": null, "fechafin": null}}, {"pk": 1, "model": "admin.fase", "fields": {"descripcion": "Relevamiento de datos", "nombre": "Relevamiento de datos", "idproyecto": 1, "estado": "FIN", "fechacreacion": "2014-05-16"}}, {"pk": 3, "model": "admin.fase", "fields": {"descripcion": "Contratacion de personal", "nombre": "Contratacion de personal", "idproyecto": 1, "estado": "DES", "fechacreacion": "2014-05-17"}}, {"pk": 1, "model": "admin.rolfases", "fields": {"rolproyecto": 1, "fase": 1}}, {"pk": 3, "model": "admin.rolfases", "fields": {"rolproyecto": 2, "fase": 3}}, {"pk": 1, "model": "desarrollo.itemtipos", "fields": {"descripcion": "Atributos por defecto", "nombre": "Default", "idfase": null, "es_supertipo": true}}, {"pk": 2, "model": "desarrollo.itemtipos", "fields": {"descripcion": "tipo de item para costos ", "nombre": "t_costos", "idfase": 1, "es_supertipo": false}}, {"pk": 3, "model": "desarrollo.itemtipos", "fields": {"descripcion": "costos relativos", "nombre": "t_costos_indeterminados", "idfase": 1, "es_supertipo": false}}, {"pk": 4, "model": "desarrollo.itemtipos", "fields": {"descripcion": "agrupacion de fechas", "nombre": "t_fechas", "idfase": 1, "es_supertipo": false}}, {"pk": 5, "model": "desarrollo.itemtipos", "fields": {"descripcion": "tipo de item para seleccion de personal ", "nombre": "t_seleccionpersonal", "idfase": 3, "es_supertipo": false}}, {"pk": 1, "model": "desarrollo.itematributos", "fields": {"descripcion": null, "nombre": "complejidad", "idtipoitem": 1, "tipodato": "N"}}, {"pk": 2, "model": "desarrollo.itematributos", "fields": {"descripcion": null, "nombre": "prioridad", "idtipoitem": 1, "tipodato": "N"}}, {"pk": 3, "model": "desarrollo.itematributos", "fields": {"descripcion": "costo en moneda local", "nombre": "costo_monedalocal", "idtipoitem": 2, "tipodato": "N"}}, {"pk": 4, "model": "desarrollo.itematributos", "fields": {"descripcion": "costo en guaranies", "nombre": "costo_gs", "idtipoitem": 2, "tipodato": "N"}}, {"pk": 5, "model": "desarrollo.itematributos", "fields": {"descripcion": "costo en guaranies", "nombre": "costo_gs", "idtipoitem": 3, "tipodato": "N"}}, {"pk": 6, "model": "desarrollo.itematributos", "fields": {"descripcion": "costo en moneda local", "nombre": "costo_monedalocal", "idtipoitem": 3, "tipodato": "N"}}, {"pk": 7, "model": "desarrollo.itematributos", "fields": {"descripcion": "fecha_1", "nombre": "fecha_1", "idtipoitem": 4, "tipodato": "D"}}, {"pk": 8, "model": "desarrollo.itematributos", "fields": {"descripcion": "fecha_1", "nombre": "fecha_1", "idtipoitem": 5, "tipodato": "D"}}, {"pk": 9, "model": "desarrollo.itematributos", "fields": {"descripcion": "cantidad de horas", "nombre": "cant_horas", "idtipoitem": 5, "tipodato": "N"}}, {"pk": 1, "model": "desarrollo.item", "fields": {"idfase": 1, "numero": 1, "version": 4, "descripcion": "entrevista con el cliente ", "nombre": "Entrevista con el cliente", "estado": "BLO", "idtipoitem": 2}}, {"pk": 2, "model": "desarrollo.item", "fields": {"idfase": 1, "numero": 2, "version": 0, "descripcion": "presentacion del presupuesto inicial sin costos de x ", "nombre": "Presentacion de presupuesto inicial ", "estado": "BLO", "idtipoitem": 3}}, {"pk": 3, "model": "desarrollo.item", "fields": {"idfase": 1, "numero": 3, "version": 0, "descripcion": "", "nombre": "Presentacion de presupuesto 2da", "estado": "BLO", "idtipoitem": 2}}, {"pk": 4, "model": "desarrollo.item", "fields": {"idfase": 1, "numero": 4, "version": 1, "descripcion": "Aprobacion de presupuesto", "nombre": "Aprobacion de presupuesto", "estado": "BLO", "idtipoitem": 4}}, {"pk": 5, "model": "desarrollo.item", "fields": {"idfase": 3, "numero": 1, "version": 1, "descripcion": "Contratacion de analistas ", "nombre": "Contratacion de analistas ", "estado": "DES", "idtipoitem": 5}}, {"pk": 6, "model": "desarrollo.item", "fields": {"idfase": 3, "numero": 2, "version": 1, "descripcion": "contratacion de programadores para el proyecto", "nombre": "Contratacion de programadores", "estado": "DES", "idtipoitem": 5}}, {"pk": 7, "model": "desarrollo.item", "fields": {"idfase": 3, "numero": 3, "version": 1, "descripcion": "contratacion de ingenieros para las pruebas de software", "nombre": "Contrataci\u00f3n de testers", "estado": "DES", "idtipoitem": 5}}, {"pk": 1, "model": "desarrollo.itematributosvalores", "fields": {"idatributo": 1, "usoactual": false, "version": 3, "creacion": "2014-05-16", "valor": "50", "iditem": 1}}, {"pk": 2, "model": "desarrollo.itematributosvalores", "fields": {"idatributo": 2, "usoactual": false, "version": 3, "creacion": "2014-05-16", "valor": "100", "iditem": 1}}, {"pk": 3, "model": "desarrollo.itematributosvalores", "fields": {"idatributo": 3, "usoactual": false, "version": 3, "creacion": "2014-05-16", "valor": "100000", "iditem": 1}}, {"pk": 4, "model": "desarrollo.itematributosvalores", "fields": {"idatributo": 4, "usoactual": false, "version": 3, "creacion": "2014-05-16", "valor": "100000", "iditem": 1}}, {"pk": 5, "model": "desarrollo.itematributosvalores", "fields": {"idatributo": 1, "usoactual": false, "version": 1, "creacion": "2014-05-16", "valor": "50", "iditem": 1}}, {"pk": 6, "model": "desarrollo.itematributosvalores", "fields": {"idatributo": 2, "usoactual": false, "version": 1, "creacion": "2014-05-16", "valor": "100", "iditem": 1}}, {"pk": 7, "model": "desarrollo.itematributosvalores", "fields": {"idatributo": 3, "usoactual": false, "version": 1, "creacion": "2014-05-16", "valor": "70000", "iditem": 1}}, {"pk": 8, "model": "desarrollo.itematributosvalores", "fields": {"idatributo": 4, "usoactual": false, "version": 1, "creacion": "2014-05-16", "valor": "65000", "iditem": 1}}, {"pk": 9, "model": "desarrollo.itematributosvalores", "fields": {"idatributo": 1, "usoactual": false, "version": 2, "creacion": "2014-05-16", "valor": "50", "iditem": 1}}, {"pk": 10, "model": "desarrollo.itematributosvalores", "fields": {"idatributo": 2, "usoactual": false, "version": 2, "creacion": "2014-05-16", "valor": "100", "iditem": 1}}, {"pk": 11, "model": "desarrollo.itematributosvalores", "fields": {"idatributo": 3, "usoactual": false, "version": 2, "creacion": "2014-05-16", "valor": "70000", "iditem": 1}}, {"pk": 12, "model": "desarrollo.itematributosvalores", "fields": {"idatributo": 4, "usoactual": false, "version": 2, "creacion": "2014-05-16", "valor": "85000", "iditem": 1}}, {"pk": 13, "model": "desarrollo.itematributosvalores", "fields": {"idatributo": 1, "usoactual": true, "version": 4, "creacion": "2014-05-16", "valor": "50", "iditem": 1}}, {"pk": 14, "model": "desarrollo.itematributosvalores", "fields": {"idatributo": 2, "usoactual": true, "version": 4, "creacion": "2014-05-16", "valor": "100", "iditem": 1}}, {"pk": 15, "model": "desarrollo.itematributosvalores", "fields": {"idatributo": 3, "usoactual": true, "version": 4, "creacion": "2014-05-16", "valor": "70000", "iditem": 1}}, {"pk": 16, "model": "desarrollo.itematributosvalores", "fields": {"idatributo": 4, "usoactual": true, "version": 4, "creacion": "2014-05-16", "valor": "65000", "iditem": 1}}, {"pk": 17, "model": "desarrollo.itematributosvalores", "fields": {"idatributo": 1, "usoactual": true, "version": 1, "creacion": "2014-05-16", "valor": "50", "iditem": 4}}, {"pk": 18, "model": "desarrollo.itematributosvalores", "fields": {"idatributo": 2, "usoactual": true, "version": 1, "creacion": "2014-05-16", "valor": "90", "iditem": 4}}, {"pk": 19, "model": "desarrollo.itematributosvalores", "fields": {"idatributo": 7, "usoactual": true, "version": 1, "creacion": "2014-05-16", "valor": "16/05/2014", "iditem": 4}}, {"pk": 20, "model": "desarrollo.itematributosvalores", "fields": {"idatributo": 1, "usoactual": true, "version": 1, "creacion": "2014-05-17", "valor": "70", "iditem": 5}}, {"pk": 21, "model": "desarrollo.itematributosvalores", "fields": {"idatributo": 2, "usoactual": true, "version": 1, "creacion": "2014-05-17", "valor": "80", "iditem": 5}}, {"pk": 22, "model": "desarrollo.itematributosvalores", "fields": {"idatributo": 8, "usoactual": true, "version": 1, "creacion": "2014-05-17", "valor": "17/05/2014", "iditem": 5}}, {"pk": 23, "model": "desarrollo.itematributosvalores", "fields": {"idatributo": 9, "usoactual": true, "version": 1, "creacion": "2014-05-17", "valor": "4", "iditem": 5}}, {"pk": 24, "model": "desarrollo.itematributosvalores", "fields": {"idatributo": 1, "usoactual": true, "version": 1, "creacion": "2014-05-17", "valor": "80", "iditem": 6}}, {"pk": 25, "model": "desarrollo.itematributosvalores", "fields": {"idatributo": 2, "usoactual": true, "version": 1, "creacion": "2014-05-17", "valor": "95", "iditem": 6}}, {"pk": 26, "model": "desarrollo.itematributosvalores", "fields": {"idatributo": 8, "usoactual": true, "version": 1, "creacion": "2014-05-17", "valor": "20/05/2014", "iditem": 6}}, {"pk": 27, "model": "desarrollo.itematributosvalores", "fields": {"idatributo": 9, "usoactual": true, "version": 1, "creacion": "2014-05-17", "valor": "6", "iditem": 6}}, {"pk": 28, "model": "desarrollo.itematributosvalores", "fields": {"idatributo": 1, "usoactual": true, "version": 1, "creacion": "2014-05-17", "valor": "80", "iditem": 7}}, {"pk": 29, "model": "desarrollo.itematributosvalores", "fields": {"idatributo": 2, "usoactual": true, "version": 1, "creacion": "2014-05-17", "valor": "60", "iditem": 7}}, {"pk": 30, "model": "desarrollo.itematributosvalores", "fields": {"idatributo": 8, "usoactual": true, "version": 1, "creacion": "2014-05-17", "valor": "22/05/2014", "iditem": 7}}, {"pk": 31, "model": "desarrollo.itematributosvalores", "fields": {"idatributo": 9, "usoactual": true, "version": 1, "creacion": "2014-05-17", "valor": "5", "iditem": 7}}, {"pk": 4, "model": "desarrollo.itemrelacion", "fields": {"estado": "ACT", "destino": 2, "origen": 1, "tipo": "I"}}, {"pk": 6, "model": "desarrollo.itemrelacion", "fields": {"estado": "ACT", "destino": 4, "origen": 3, "tipo": "I"}}, {"pk": 7, "model": "desarrollo.itemrelacion", "fields": {"estado": "ACT", "destino": 3, "origen": 2, "tipo": "I"}}, {"pk": 8, "model": "desarrollo.itemrelacion", "fields": {"estado": "ACT", "destino": 5, "origen": 4, "tipo": "E"}}, {"pk": 1, "model": "gestcambio.lineabase", "fields": {"descripcion": "linea base 1", "fechacreacion": "2014-05-16", "items": [1, 2], "fase": 1}}, {"pk": 2, "model": "gestcambio.lineabase", "fields": {"descripcion": "linea base 2", "fechacreacion": "2014-05-16", "items": [3, 4], "fase": 1}}, {"pk": 142, "model": "auth.permission", "fields": {"codename": "usuario_crear", "name": "Crear Usuario", "content_type": 8}}, {"pk": 143, "model": "auth.permission", "fields": {"codename": "usuario_modif", "name": "Modificar datos del usuario", "content_type": 8}}, {"pk": 144, "model": "auth.permission", "fields": {"codename": "usuario_elim", "name": "Eliminar usuario", "content_type": 8}}, {"pk": 145, "model": "auth.permission", "fields": {"codename": "rol_crear", "name": "Crear Rol", "content_type": 8}}, {"pk": 146, "model": "auth.permission", "fields": {"codename": "rol_elim", "name": "Eliminar Rol", "content_type": 8}}, {"pk": 147, "model": "auth.permission", "fields": {"codename": "rol_modif", "name": "Modificar Rol", "content_type": 8}}, {"pk": 148, "model": "auth.permission", "fields": {"codename": "rol_asignar", "name": "Asignar Rol", "content_type": 8}}, {"pk": 149, "model": "auth.permission", "fields": {"codename": "proyecto_crear", "name": "Crear Proyecto", "content_type": 8}}, {"pk": 150, "model": "auth.permission", "fields": {"codename": "proyecto_modif", "name": "Modificar Proyecto", "content_type": 2}}, {"pk": 151, "model": "auth.permission", "fields": {"codename": "proyecto_elim", "name": "Eliminar Proyecto", "content_type": 2}}, {"pk": 152, "model": "auth.permission", "fields": {"codename": "proyecto_iniciar", "name": "Iniciar Proyecto", "content_type": 2}}, {"pk": 153, "model": "auth.permission", "fields": {"codename": "fase_crear", "name": "Crear Fase", "content_type": 2}}, {"pk": 154, "model": "auth.permission", "fields": {"codename": "relacion_crear", "name": "Relacionar items", "content_type": 2}}, {"pk": 155, "model": "auth.permission", "fields": {"codename": "relacion_elim", "name": "Eliminar relaciones entre items", "content_type": 2}}, {"pk": 156, "model": "auth.permission", "fields": {"codename": "comite_gest", "name": "Gestionar comite de cambios", "content_type": 2}}, {"pk": 157, "model": "auth.permission", "fields": {"codename": "fase_modif", "name": "Modificar Fase", "content_type": 3}}, {"pk": 158, "model": "auth.permission", "fields": {"codename": "fase_elim", "name": "Eliminar Fase", "content_type": 3}}, {"pk": 159, "model": "auth.permission", "fields": {"codename": "fase_finalizar", "name": "Finalizar Fase", "content_type": 3}}, {"pk": 160, "model": "auth.permission", "fields": {"codename": "tipoitem_gestion", "name": "Gestionar tipos de item", "content_type": 3}}, {"pk": 161, "model": "auth.permission", "fields": {"codename": "item_crear", "name": "Crear Item", "content_type": 3}}, {"pk": 162, "model": "auth.permission", "fields": {"codename": "item_modif", "name": "Modificar Item", "content_type": 3}}, {"pk": 163, "model": "auth.permission", "fields": {"codename": "item_elim", "name": "Eliminar Item", "content_type": 3}}, {"pk": 164, "model": "auth.permission", "fields": {"codename": "item_revivir", "name": "Revivir Item", "content_type": 3}}, {"pk": 165, "model": "auth.permission", "fields": {"codename": "item_revertir", "name": "Revertir version de Item", "content_type": 3}}, {"pk": 166, "model": "auth.permission", "fields": {"codename": "item_adjuntos", "name": "Gestionar adjuntos del Item", "content_type": 3}}, {"pk": 167, "model": "auth.permission", "fields": {"codename": "lineabase_crear", "name": "Crear Linea Base", "content_type": 3}}, {"pk": 168, "model": "auth.permission", "fields": {"codename": "solicitud_gest", "name": "Crear, modificar y eliminar Solicitud de Cambio", "content_type": 3}}, {"pk": 1, "model": "auth.group", "fields": {"name": "super_admin", "permissions": [158, 159, 157, 166, 161, 163, 162, 165, 164, 167, 168, 160, 156, 153, 151, 152, 150, 154, 155, 149, 148, 145, 146, 147, 142, 144, 143]}}, {"pk": 2, "model": "auth.group", "fields": {"name": "responsable_fase", "permissions": [159, 157, 166, 161, 163, 162, 167, 168, 160, 154, 155]}}, {"pk": 1, "model": "auth.user", "fields": {"username": "admin", "first_name": "", "last_name": "", "is_active": true, "is_superuser": true, "is_staff": true, "last_login": "2014-05-17T04:49:48.087Z", "groups": [], "user_permissions": [], "password": "pbkdf2_sha256$12000$qeUZdAYdRPCt$Kzl/2cSoHOPfMwCgCKgy084NiKQGxL1aPYCWmRliF9A=", "email": "admin@admin.com", "date_joined": "2014-05-16T18:47:14.721Z"}}, {"pk": 2, "model": "auth.user", "fields": {"username": "nelson", "first_name": "Nelson Luis ", "last_name": "Dura\u00f1ona", "is_active": true, "is_superuser": false, "is_staff": false, "last_login": "2014-05-17T04:23:59.982Z", "groups": [], "user_permissions": [], "password": "pbkdf2_sha256$12000$qpZMh2ulPXjz$/8L8RZXLC7bn1+z5wv6hHYf3CbL8ArBrZ54uUR0qRMM=", "email": "nelson@nelson.com", "date_joined": "2014-05-17T04:22:24.285Z"}}, {"pk": 1, "model": "admin.rolproyecto", "fields": {"proyecto": 1, "rol": 1, "usuario": 1}}, {"pk": 2, "model": "admin.rolproyecto", "fields": {"proyecto": 1, "rol": 2, "usuario": 2}}, {"pk": 1, "model": "gestcambio.solicitudcambio", "fields": {"items": [1, 2], "fecha_creacion": "2014-05-17", "fecha_aprobacion": null, "lineabase": 1, "solicitante": 1, "estado": "ENV", "comentarios": "la entrevista no cubrio algunos aspectos"}}, {"pk": 1, "model": "admin.rolproyecto", "fields": {"proyecto": 1, "rol": 1, "usuario": 1}}, {"pk": 2, "model": "admin.rolproyecto", "fields": {"proyecto": 1, "rol": 2, "usuario": 2}}]